customer_id,recency,frequency,monetary,R,F,M,RFM,segment
3,6,361,4834.8,2,5,5,25,cant_loose
548,2,353,1993.05,4,5,5,45,loyal_customers
8285,1,345,2463.25,5,5,5,55,champions
8341,3,337,2980.45,3,5,5,35,loyal_customers
8384,1,313,1876.5,5,5,5,55,champions
319,10,313,1929.6,1,5,5,15,cant_loose
8118,2,312,2728.3,4,5,5,45,loyal_customers
8009,1,310,2068.65,5,5,5,55,champions
8059,2,309,1707.15,4,5,5,45,loyal_customers
8158,2,308,2060.6,4,5,5,45,loyal_customers
8147,2,301,2491.15,4,5,5,45,loyal_customers
8395,2,297,1924.0,4,5,5,45,loyal_customers
8322,1,297,2178.4,5,5,5,55,champions
8101,1,295,1582.25,5,5,5,55,champions
8071,11,292,2529.0,1,5,5,15,cant_loose
8410,1,291,2405.9,5,5,5,55,champions
8375,2,288,2077.2,4,5,5,45,loyal_customers
420,3,287,1835.15,3,5,5,35,loyal_customers
8036,1,286,1922.3,5,5,5,55,champions
8251,2,286,1875.9,4,5,5,45,loyal_customers
8446,3,285,1965.05,3,5,5,35,loyal_customers
8072,1,282,1631.95,5,5,5,55,champions
8364,7,281,1743.0,2,5,5,25,cant_loose
22,1,278,2474.45,5,5,5,55,champions
608,4,277,1440.75,3,5,5,35,loyal_customers
8226,3,277,1561.55,3,5,5,35,loyal_customers
8297,1,276,1683.4,5,5,5,55,champions
8370,8,274,1550.25,2,5,5,25,cant_loose
8019,4,272,1599.55,3,5,5,35,loyal_customers
687,1,270,2551.45,5,5,5,55,champions
8260,1,268,1703.4,5,5,5,55,champions
8167,1,267,1857.7,5,5,5,55,champions
8382,2,267,1744.9,4,5,5,45,loyal_customers
8144,6,264,3745.25,2,5,5,25,cant_loose
8252,6,264,1931.9,2,5,5,25,cant_loose
8472,3,263,2159.5,3,5,5,35,loyal_customers
8311,1,261,7899.0,5,5,5,55,champions
320,4,261,1444.0,3,5,5,35,loyal_customers
8242,4,260,1647.9,3,5,5,35,loyal_customers
8196,1,258,1444.2,5,5,5,55,champions
5033,1,257,3801.5,5,5,5,55,champions
8025,4,257,1576.4,3,5,5,35,loyal_customers
707,4,257,1952.3,3,5,5,35,loyal_customers
8428,3,256,1669.8,3,5,5,35,loyal_customers
8423,4,254,1919.85,3,5,5,35,loyal_customers
8157,3,254,1788.1,3,5,5,35,loyal_customers
8066,8,253,1239.35,2,5,5,25,cant_loose
8386,2,253,1821.55,4,5,5,45,loyal_customers
8041,1,253,1536.1,5,5,5,55,champions
26,11,253,1855.55,1,5,5,15,cant_loose
8373,2,249,1583.6,4,5,5,45,loyal_customers
549,2,249,1947.9,4,5,5,45,loyal_customers
8397,2,248,1673.65,4,5,5,45,loyal_customers
8345,2,248,1410.65,4,5,5,45,loyal_customers
8349,6,247,1625.4,2,5,5,25,cant_loose
8109,4,246,1722.15,3,5,5,35,loyal_customers
8272,1,246,1534.45,5,5,5,55,champions
8080,2,246,1764.15,4,5,5,45,loyal_customers
5084,1,244,1824.6,5,5,5,55,champions
8146,2,244,1712.9,4,5,5,45,loyal_customers
8336,1,243,1194.5,5,5,5,55,champions
2,4,242,1389.5,3,5,5,35,loyal_customers
141,4,242,1286.5,3,5,5,35,loyal_customers
5026,5,241,3644.55,2,5,5,25,cant_loose
8180,2,239,1377.8,4,5,5,45,loyal_customers
8022,9,239,1516.1,1,5,5,15,cant_loose
8128,1,239,1187.55,5,5,5,55,champions
610,9,238,1477.35,1,5,5,15,cant_loose
272,2,238,1360.3,4,5,5,45,loyal_customers
8500,4,238,1515.9,3,5,5,35,loyal_customers
8225,3,238,1764.35,3,5,5,35,loyal_customers
8173,9,237,1854.15,1,5,5,15,cant_loose
5091,1,236,3750.0,5,5,5,55,champions
5906,1,234,1726.4,5,5,5,55,champions
8318,1,234,1112.65,5,5,5,55,champions
8440,1,234,1551.43,5,5,5,55,champions
5071,1,233,1432.0,5,5,5,55,champions
8161,1,233,1407.2,5,5,5,55,champions
432,2,233,1682.05,4,5,5,45,loyal_customers
8152,2,232,1870.15,4,5,5,45,loyal_customers
634,4,232,2279.0,3,5,5,35,loyal_customers
328,4,231,2729.9,3,5,5,35,loyal_customers
28,3,231,3431.0,3,5,5,35,loyal_customers
8121,1,230,1171.75,5,5,5,55,champions
8013,2,230,1137.25,4,5,5,45,loyal_customers
8353,2,230,2057.05,4,5,5,45,loyal_customers
661,1,229,1478.8,5,5,5,55,champions
8279,4,228,1454.3,3,5,5,35,loyal_customers
598,2,228,1831.4,4,5,5,45,loyal_customers
8492,2,228,1310.6,4,5,5,45,loyal_customers
5704,2,228,1678.4,4,5,5,45,loyal_customers
8261,3,228,1181.7,3,5,5,35,loyal_customers
676,2,228,1203.7,4,5,5,45,loyal_customers
410,3,227,1206.45,3,5,5,35,loyal_customers
192,10,227,1319.45,1,5,5,15,cant_loose
8145,4,227,1419.6,3,5,5,35,loyal_customers
8185,1,227,1915.9,5,5,5,55,champions
8378,4,226,1417.0,3,5,5,35,loyal_customers
5228,2,226,2227.85,4,5,5,45,loyal_customers
8348,1,225,1389.6,5,5,5,55,champions
8219,4,224,1150.4,3,5,5,35,loyal_customers
8282,2,224,1318.55,4,5,5,45,loyal_customers
8228,1,224,1210.45,5,5,5,55,champions
8461,3,224,1690.75,3,5,5,35,loyal_customers
8220,1,224,1010.15,5,5,4,55,champions
697,2,224,1497.3,4,5,5,45,loyal_customers
8096,3,223,1498.7,3,5,5,35,loyal_customers
5879,2,223,1423.35,4,5,5,45,loyal_customers
8481,1,222,1217.05,5,5,5,55,champions
8266,3,222,1595.5,3,5,5,35,loyal_customers
5829,12,222,1506.35,1,5,5,15,cant_loose
214,9,221,1760.35,1,5,5,15,cant_loose
8429,1,220,1341.2,5,5,5,55,champions
558,2,220,1106.75,4,5,4,45,loyal_customers
8142,4,220,1408.7,3,5,5,35,loyal_customers
695,10,219,1319.6,1,5,5,15,cant_loose
8256,5,218,1430.9,2,5,5,25,cant_loose
503,1,218,1742.15,5,5,5,55,champions
8159,1,217,1372.45,5,5,5,55,champions
599,2,217,2715.0,4,5,5,45,loyal_customers
8042,1,217,1493.1,5,5,5,55,champions
8138,5,216,2350.8,2,5,5,25,cant_loose
8043,1,216,1339.15,5,5,5,55,champions
430,1,216,1575.65,5,5,5,55,champions
8206,10,216,1503.85,1,5,5,15,cant_loose
579,3,216,1225.1,3,5,5,35,loyal_customers
8406,6,215,1260.5,2,5,5,25,cant_loose
8039,1,215,1346.35,5,5,5,55,champions
8463,1,215,1181.1,5,5,5,55,champions
8191,2,215,1491.0,4,5,5,45,loyal_customers
8069,5,215,1293.1,2,5,5,25,cant_loose
8164,2,215,1203.55,4,5,5,45,loyal_customers
8037,8,214,1249.4,2,5,5,25,cant_loose
8011,3,214,1196.05,3,5,5,35,loyal_customers
8033,4,214,1953.5,3,5,5,35,loyal_customers
8493,3,213,1136.1,3,5,5,35,loyal_customers
8377,12,213,1431.2,1,5,5,15,cant_loose
8346,2,213,1437.2,4,5,5,45,loyal_customers
8218,4,213,1018.65,3,5,4,35,loyal_customers
437,2,213,1221.3,4,5,5,45,loyal_customers
5347,1,213,1252.3,5,5,5,55,champions
8165,3,212,1253.5,3,5,5,35,loyal_customers
8483,2,212,1123.8,4,5,5,45,loyal_customers
8396,5,212,1233.9,2,5,5,25,cant_loose
8361,8,212,1518.9,2,5,5,25,cant_loose
101,7,211,1554.85,2,5,5,25,cant_loose
81,1,211,1254.5,5,5,5,55,champions
8487,3,211,1449.7,3,5,5,35,loyal_customers
8154,3,210,1294.1,3,5,5,35,loyal_customers
158,1,210,1085.0,5,5,4,55,champions
381,3,210,1489.5,3,5,5,35,loyal_customers
8113,4,209,1339.2,3,5,5,35,loyal_customers
8003,4,209,1813.85,3,5,5,35,loyal_customers
8459,5,209,2429.0,2,5,5,25,cant_loose
456,2,209,1248.05,4,5,5,45,loyal_customers
100,1,209,1324.3,5,5,5,55,champions
8455,3,208,1243.95,3,5,5,35,loyal_customers
8086,2,208,1243.55,4,5,5,45,loyal_customers
500,1,207,1134.45,5,5,5,55,champions
396,1,207,1296.0,5,5,5,55,champions
8241,6,207,1459.8,2,5,5,25,cant_loose
727,2,206,1202.85,4,5,5,45,loyal_customers
547,3,206,1266.4,3,5,5,35,loyal_customers
8222,4,206,1291.55,3,5,5,35,loyal_customers
574,1,205,1116.05,5,5,5,55,champions
8281,1,205,1425.9,5,5,5,55,champions
8002,1,205,997.0,5,5,4,55,champions
8224,6,205,1529.05,2,5,5,25,cant_loose
8169,6,204,974.8,2,5,4,25,cant_loose
601,1,204,1659.4,5,5,5,55,champions
8438,5,203,1118.9,2,5,5,25,cant_loose
221,2,203,1366.05,4,5,5,45,loyal_customers
8048,1,203,3173.6,5,5,5,55,champions
8351,5,202,1659.35,2,5,5,25,cant_loose
8255,4,202,1214.5,3,5,5,35,loyal_customers
8414,9,202,1207.0,1,5,5,15,cant_loose
8208,3,202,1117.9,3,5,5,35,loyal_customers
5928,6,202,1380.02,2,5,5,25,cant_loose
8058,1,202,1776.1,5,5,5,55,champions
664,2,201,1355.3,4,5,5,45,loyal_customers
8347,12,201,1274.45,1,5,5,15,cant_loose
8441,1,201,1400.4,5,5,5,55,champions
5687,5,200,1918.85,2,5,5,25,cant_loose
8413,3,200,1110.6,3,5,5,35,loyal_customers
767,7,200,1726.85,2,5,5,25,cant_loose
8310,4,200,1971.8,3,5,5,35,loyal_customers
202,9,200,1530.3,1,5,5,15,cant_loose
674,2,199,941.65,4,5,4,45,loyal_customers
8359,1,199,976.85,5,5,4,55,champions
446,1,199,1607.1,5,5,5,55,champions
8099,2,199,1807.45,4,5,5,45,loyal_customers
8054,3,199,1013.05,3,5,4,35,loyal_customers
8269,2,199,1250.7,4,5,5,45,loyal_customers
8148,1,199,1357.65,5,5,5,55,champions
8365,1,198,2017.2,5,5,5,55,champions
704,3,198,1522.6,3,5,5,35,loyal_customers
8374,2,197,1012.1,4,5,4,45,loyal_customers
8177,5,197,894.7,2,5,4,25,cant_loose
8034,3,197,889.4,3,5,4,35,loyal_customers
8323,10,197,1563.95,1,5,5,15,cant_loose
8368,6,197,1422.65,2,5,5,25,cant_loose
8236,5,197,1042.4,2,5,4,25,cant_loose
8475,6,197,1384.3,2,5,5,25,cant_loose
8195,1,196,821.5,5,5,4,55,champions
8188,5,196,1525.3,2,5,5,25,cant_loose
5431,3,196,1327.6,3,5,5,35,loyal_customers
98,4,196,1218.0,3,5,5,35,loyal_customers
8045,7,195,1315.7,2,5,5,25,cant_loose
703,3,195,1219.25,3,5,5,35,loyal_customers
8134,6,195,1500.4,2,5,5,25,cant_loose
5331,1,195,1315.55,5,5,5,55,champions
5627,1,194,1509.1,5,5,5,55,champions
8443,3,194,1045.6,3,5,4,35,loyal_customers
8192,1,194,1389.25,5,5,5,55,champions
8381,4,194,941.2,3,5,4,35,loyal_customers
5301,1,194,1636.4,5,5,5,55,champions
735,4,194,1094.35,3,5,4,35,loyal_customers
249,13,194,1605.35,1,5,5,15,cant_loose
5827,2,193,2600.3,4,5,5,45,loyal_customers
8411,3,193,1228.0,3,5,5,35,loyal_customers
8254,2,193,1406.3,4,5,5,45,loyal_customers
409,11,193,1079.5,1,5,4,15,cant_loose
8061,6,193,1069.95,2,5,4,25,cant_loose
8453,6,193,1210.65,2,5,5,25,cant_loose
612,5,193,1219.8,2,5,5,25,cant_loose
8352,3,193,1014.7,3,5,4,35,loyal_customers
748,2,193,1450.9,4,5,5,45,loyal_customers
5106,1,192,1129.7,5,5,5,55,champions
5674,1,192,1188.4,5,5,5,55,champions
186,2,192,1121.65,4,5,5,45,loyal_customers
8079,4,192,1180.6,3,5,5,35,loyal_customers
5673,4,192,1464.4,3,5,5,35,loyal_customers
15,9,192,1129.15,1,5,5,15,cant_loose
8245,1,192,1339.85,5,5,5,55,champions
734,2,192,1162.85,4,5,5,45,loyal_customers
8383,4,192,1047.3,3,5,4,35,loyal_customers
8319,1,192,1595.39,5,5,5,55,champions
8344,1,192,981.55,5,5,4,55,champions
8335,3,192,1705.85,3,5,5,35,loyal_customers
276,6,192,1205.6,2,5,5,25,cant_loose
8457,1,191,1341.1,5,5,5,55,champions
476,1,191,972.65,5,5,4,55,champions
403,3,191,981.9,3,5,4,35,loyal_customers
115,4,191,1544.0,3,5,5,35,loyal_customers
8436,6,191,1149.8,2,5,5,25,cant_loose
8176,1,190,981.8,5,5,4,55,champions
8486,1,190,1105.4,5,5,4,55,champions
8221,3,189,986.6,3,5,4,35,loyal_customers
8008,5,189,944.05,2,5,4,25,cant_loose
481,9,189,1621.5,1,5,5,15,cant_loose
5405,4,189,1070.6,3,5,4,35,loyal_customers
5225,1,189,1071.95,5,5,4,55,champions
388,6,189,2395.05,2,5,5,25,cant_loose
8060,2,189,1156.9,4,5,5,45,loyal_customers
8327,5,189,924.95,2,5,4,25,cant_loose
8480,7,188,941.4,2,5,4,25,cant_loose
794,6,188,1516.5,2,5,5,25,cant_loose
247,1,188,1120.4,5,5,5,55,champions
65,1,188,1601.3,5,5,5,55,champions
8184,2,188,1037.55,4,5,4,45,loyal_customers
8328,2,188,1091.05,4,5,4,45,loyal_customers
8056,3,188,1351.72,3,5,5,35,loyal_customers
8427,7,188,1004.45,2,5,4,25,cant_loose
8289,2,188,1413.4,4,5,5,45,loyal_customers
355,6,188,1323.4,2,5,5,25,cant_loose
8278,2,187,1079.9,4,5,4,45,loyal_customers
8262,1,187,1277.2,5,5,5,55,champions
5040,1,187,1130.3,5,5,5,55,champions
8124,3,187,1757.3,3,5,5,35,loyal_customers
224,1,187,1081.8,5,5,4,55,champions
5740,1,187,1293.4,5,5,5,55,champions
8064,6,187,1367.15,2,5,5,25,cant_loose
215,7,187,1469.8,2,5,5,25,cant_loose
317,3,187,1316.8,3,5,5,35,loyal_customers
117,1,186,1380.1,5,5,5,55,champions
8006,7,186,1818.7,2,5,5,25,cant_loose
301,7,186,996.1,2,5,4,25,cant_loose
69,6,186,1415.5,2,5,5,25,cant_loose
8212,3,185,1398.1,3,5,5,35,loyal_customers
5163,1,185,994.8,5,5,4,55,champions
8307,4,185,888.7,3,5,4,35,loyal_customers
8301,1,185,1412.05,5,5,5,55,champions
35,6,185,1162.85,2,5,5,25,cant_loose
8200,5,185,859.7,2,5,4,25,cant_loose
8420,1,185,1251.7,5,5,5,55,champions
406,6,185,1057.8,2,5,4,25,cant_loose
556,1,185,1392.55,5,5,5,55,champions
5419,2,185,1798.94,4,5,5,45,loyal_customers
776,4,184,1045.4,3,5,4,35,loyal_customers
8267,3,184,1662.5,3,5,5,35,loyal_customers
8495,4,184,1177.55,3,5,5,35,loyal_customers
8485,2,184,1137.3,4,5,5,45,loyal_customers
8494,4,184,1546.6,3,5,5,35,loyal_customers
53,3,184,1236.05,3,5,5,35,loyal_customers
541,1,184,2462.05,5,5,5,55,champions
563,2,183,1306.1,4,5,5,45,loyal_customers
8076,5,183,1026.65,2,5,4,25,cant_loose
5732,1,183,1336.75,5,5,5,55,champions
208,4,183,914.6,3,5,4,35,loyal_customers
338,1,182,1162.6,5,5,5,55,champions
440,4,182,703.1,3,5,3,35,loyal_customers
8070,7,182,1096.25,2,5,4,25,cant_loose
361,1,182,1043.2,5,5,4,55,champions
746,9,182,1866.8,1,5,5,15,cant_loose
5355,1,181,1272.45,5,5,5,55,champions
8227,3,181,2362.9,3,5,5,35,loyal_customers
8131,3,181,1478.1,3,5,5,35,loyal_customers
189,1,181,1418.65,5,5,5,55,champions
8166,2,181,825.1,4,5,4,45,loyal_customers
8229,2,181,992.35,4,5,4,45,loyal_customers
8477,6,181,788.25,2,5,3,25,cant_loose
5083,2,181,1479.0,4,5,5,45,loyal_customers
5548,1,181,1024.35,5,5,4,55,champions
8357,3,181,938.35,3,5,4,35,loyal_customers
8081,2,180,922.1,4,5,4,45,loyal_customers
652,8,180,844.4,2,5,4,25,cant_loose
8052,1,180,1040.15,5,5,4,55,champions
8296,8,180,950.1,1,5,4,15,cant_loose
8213,3,180,1351.65,3,5,5,35,loyal_customers
8210,14,180,1017.15,1,5,4,15,cant_loose
8369,7,180,994.45,2,5,4,25,cant_loose
347,1,180,1056.6,5,5,4,55,champions
5667,1,180,1619.5,5,5,5,55,champions
8117,4,179,960.25,3,5,4,35,loyal_customers
5799,2,179,1338.9,4,5,5,45,loyal_customers
8387,1,179,917.65,5,5,4,55,champions
8417,2,179,883.45,4,5,4,45,loyal_customers
135,9,179,1753.5,1,5,5,15,cant_loose
493,5,179,1146.25,2,5,5,25,cant_loose
8400,3,179,1235.25,3,5,5,35,loyal_customers
8114,3,179,1263.05,3,5,5,35,loyal_customers
8437,3,179,1083.7,3,5,4,35,loyal_customers
8340,1,179,1071.95,5,5,4,55,champions
5203,2,179,1152.1,4,5,5,45,loyal_customers
5298,3,178,1596.05,3,5,5,35,loyal_customers
643,2,178,1806.3,4,5,5,45,loyal_customers
8179,1,178,1033.9,5,5,4,55,champions
145,1,178,1114.65,5,5,5,55,champions
709,6,178,1369.8,2,5,5,25,cant_loose
8092,1,178,990.5,5,5,4,55,champions
8106,5,178,2006.5,2,5,5,25,cant_loose
731,2,178,1064.5,4,5,4,45,loyal_customers
8324,2,177,925.65,4,5,4,45,loyal_customers
8321,2,177,989.35,4,5,4,45,loyal_customers
502,2,177,1016.1,4,5,4,45,loyal_customers
5035,1,176,1209.7,5,5,5,55,champions
168,7,176,1031.65,2,5,4,25,cant_loose
8488,6,176,1042.55,2,5,4,25,cant_loose
90,17,176,924.4,1,5,4,15,cant_loose
5057,6,176,1234.85,2,5,5,25,cant_loose
8444,3,176,1550.6,3,5,5,35,loyal_customers
8415,7,176,1007.3,2,5,4,25,cant_loose
8489,1,175,875.4,5,5,4,55,champions
5412,2,175,1263.75,4,5,5,45,loyal_customers
773,1,175,1114.0,5,5,5,55,champions
5097,1,175,1726.7,5,5,5,55,champions
8303,8,174,921.0,1,5,4,15,cant_loose
5354,3,174,2339.85,3,5,5,35,loyal_customers
8445,3,174,1110.0,3,5,4,35,loyal_customers
8190,5,174,1128.85,2,5,5,25,cant_loose
8257,2,174,1579.95,4,5,5,45,loyal_customers
384,6,174,1177.1,2,5,5,25,cant_loose
5322,1,174,893.6,5,5,4,55,champions
8111,2,174,951.15,4,5,4,45,loyal_customers
322,3,174,1274.9,3,5,5,35,loyal_customers
438,2,173,1034.0,4,5,4,45,loyal_customers
429,7,173,1007.0,2,5,4,25,cant_loose
5245,11,173,1070.8,1,5,4,15,cant_loose
216,4,173,1310.9,3,5,5,35,loyal_customers
5769,1,173,1882.25,5,5,5,55,champions
5265,1,173,1018.6,5,5,4,55,champions
5100,3,173,1543.35,3,5,5,35,loyal_customers
5070,6,172,1140.5,2,5,5,25,cant_loose
8306,4,172,1045.2,3,5,4,35,loyal_customers
194,5,172,1373.6,2,5,5,25,cant_loose
408,3,172,1195.7,3,5,5,35,loyal_customers
8412,1,172,881.5,5,5,4,55,champions
8032,2,172,1268.7,4,5,5,45,loyal_customers
8129,4,172,1037.2,3,5,4,35,loyal_customers
8182,5,172,866.0,2,5,4,25,cant_loose
686,3,172,1116.8,3,5,5,35,loyal_customers
5867,1,172,1042.4,5,5,4,55,champions
8030,1,171,905.85,5,5,4,55,champions
729,1,171,863.2,5,5,4,55,champions
323,5,171,872.7,2,5,4,25,cant_loose
8214,8,171,918.8,1,5,4,15,cant_loose
5944,2,171,1746.3,4,5,5,45,loyal_customers
5598,17,171,2822.25,1,5,5,15,cant_loose
769,3,171,1040.75,3,5,4,35,loyal_customers
795,9,171,1457.1,1,5,5,15,cant_loose
8100,3,171,986.2,3,5,4,35,loyal_customers
5536,2,171,1522.8,4,5,5,45,loyal_customers
8201,1,171,1156.8,5,5,5,55,champions
8187,2,170,1054.0,4,5,4,45,loyal_customers
8392,4,170,1063.5,3,5,4,35,loyal_customers
5479,2,170,1334.55,4,5,5,45,loyal_customers
8050,4,170,1140.6,3,5,5,35,loyal_customers
607,5,170,855.4,2,5,4,25,cant_loose
8394,2,170,1056.8,4,5,4,45,loyal_customers
651,4,170,1061.4,3,5,4,35,loyal_customers
8197,3,170,1866.85,3,5,5,35,loyal_customers
80,3,170,1016.25,3,5,4,35,loyal_customers
743,1,170,864.15,5,5,4,55,champions
762,3,170,866.1,3,5,4,35,loyal_customers
5213,2,169,1464.1,4,5,5,45,loyal_customers
8259,16,169,1118.9,1,5,5,15,cant_loose
70,3,169,1033.1,3,5,4,35,loyal_customers
8249,1,169,921.35,5,5,4,55,champions
209,9,169,1045.0,1,5,4,15,cant_loose
8334,6,169,955.5,2,5,4,25,cant_loose
8424,4,169,976.6,3,5,4,35,loyal_customers
167,2,169,1066.6,4,5,4,45,loyal_customers
5611,2,169,989.8,4,5,4,45,loyal_customers
8186,11,169,1077.0,1,5,4,15,cant_loose
5480,2,168,1118.1,4,5,5,45,loyal_customers
8073,7,168,1029.1,2,5,4,25,cant_loose
8263,2,168,1088.0,4,5,4,45,loyal_customers
8360,5,168,667.6,2,5,3,25,cant_loose
8390,13,168,1057.2,1,5,4,15,cant_loose
48,4,168,806.7,3,5,3,35,loyal_customers
8223,3,168,1250.3,3,5,5,35,loyal_customers
710,1,168,1088.55,5,5,4,55,champions
8316,4,168,2241.85,3,5,5,35,loyal_customers
751,12,168,1331.75,1,5,5,15,cant_loose
8403,1,168,782.7,5,5,3,55,champions
663,4,168,1103.0,3,5,4,35,loyal_customers
586,2,168,846.95,4,5,4,45,loyal_customers
8379,1,168,1303.22,5,5,5,55,champions
5359,1,167,1498.65,5,5,5,55,champions
8448,7,167,754.45,2,5,3,25,cant_loose
5807,7,167,909.35,2,5,4,25,cant_loose
5619,4,167,1182.6,3,5,5,35,loyal_customers
335,9,167,815.2,1,5,3,15,cant_loose
64,6,167,845.85,2,5,4,25,cant_loose
798,5,167,958.9,2,5,4,25,cant_loose
8104,5,167,781.35,2,5,3,25,cant_loose
5777,10,167,982.55,1,5,4,15,cant_loose
325,6,167,1016.3,2,5,4,25,cant_loose
130,7,167,2078.9,2,5,5,25,cant_loose
5352,1,166,921.4,5,5,4,55,champions
8330,5,166,713.15,2,5,3,25,cant_loose
5917,2,166,1458.9,4,5,5,45,loyal_customers
5424,5,166,940.8,2,5,4,25,cant_loose
8268,1,166,1070.1,5,5,4,55,champions
8271,4,166,1174.8,3,5,5,35,loyal_customers
5009,3,166,1154.9,3,5,5,35,loyal_customers
728,6,166,998.6,2,5,4,25,cant_loose
5535,2,166,1178.85,4,5,5,45,loyal_customers
5592,2,166,1069.6,4,5,4,45,loyal_customers
5115,8,165,942.7,1,4,4,14,at_Risk
779,1,165,947.2,5,4,4,54,champions
557,3,165,1409.7,3,4,5,34,loyal_customers
8172,2,165,889.75,4,4,4,44,loyal_customers
753,5,165,912.35,2,4,4,24,at_Risk
8313,5,165,908.0,2,4,4,24,at_Risk
8450,1,165,952.75,5,4,4,54,champions
5778,5,165,1614.4,2,4,5,24,at_Risk
5020,7,164,1047.4,2,4,4,24,at_Risk
5055,14,164,965.95,1,4,4,14,at_Risk
344,1,164,1131.8,5,4,5,54,champions
5786,1,164,1411.7,5,4,5,54,champions
378,1,164,881.7,5,4,4,54,champions
329,2,164,923.35,4,4,4,44,loyal_customers
8244,4,164,826.85,3,4,4,34,loyal_customers
5471,9,164,972.45,1,4,4,14,at_Risk
597,2,164,1038.6,4,4,4,44,loyal_customers
8462,2,164,887.35,4,4,4,44,loyal_customers
5077,5,163,1010.1,2,4,4,24,at_Risk
8442,3,163,735.0,3,4,3,34,loyal_customers
428,1,163,875.2,5,4,4,54,champions
395,11,163,910.65,1,4,4,14,at_Risk
8393,1,163,846.9,5,4,4,54,champions
5196,2,163,1593.48,4,4,5,44,loyal_customers
5864,1,163,1132.95,5,4,5,54,champions
534,4,163,872.9,3,4,4,34,loyal_customers
5563,1,163,1114.55,5,4,5,54,champions
648,6,163,1744.3,2,4,5,24,at_Risk
8460,1,162,1312.35,5,4,5,54,champions
659,1,162,879.0,5,4,4,54,champions
5796,2,162,1157.9,4,4,5,44,loyal_customers
8407,2,162,732.6,4,4,3,44,loyal_customers
536,4,162,775.15,3,4,3,34,loyal_customers
5847,8,162,922.75,1,4,4,14,at_Risk
8447,2,162,1231.8,4,4,5,44,loyal_customers
669,6,162,985.3,2,4,4,24,at_Risk
8193,2,162,774.8,4,4,3,44,loyal_customers
5393,2,162,1511.0,4,4,5,44,loyal_customers
5883,1,162,1373.1,5,4,5,54,champions
342,3,162,1993.65,3,4,5,34,loyal_customers
5806,2,161,864.8,4,4,4,44,loyal_customers
688,18,161,1647.7,1,4,5,14,at_Risk
8482,7,161,921.6,2,4,4,24,at_Risk
8248,5,161,1163.8,2,4,5,24,at_Risk
8380,2,161,825.1,4,4,4,44,loyal_customers
8389,3,161,871.2,3,4,4,34,loyal_customers
58,4,161,1152.5,3,4,5,34,loyal_customers
5785,1,161,1088.0,5,4,4,54,champions
8466,4,160,752.8,3,4,3,34,loyal_customers
174,7,160,880.35,2,4,4,24,at_Risk
8425,5,160,1187.0,2,4,5,24,at_Risk
8300,2,160,1068.5,4,4,4,44,loyal_customers
330,3,160,945.0,3,4,4,34,loyal_customers
8246,5,160,1016.9,2,4,4,24,at_Risk
5304,1,160,1108.7,5,4,4,54,champions
8339,5,160,1111.2,2,4,5,24,at_Risk
242,5,160,897.9,2,4,4,24,at_Risk
5900,1,159,1166.8,5,4,5,54,champions
8170,4,159,1355.8,3,4,5,34,loyal_customers
8057,3,159,852.45,3,4,4,34,loyal_customers
8350,5,159,1046.9,2,4,4,24,at_Risk
8074,18,159,1098.1,1,4,4,14,at_Risk
8139,6,159,998.3,2,4,4,24,at_Risk
641,10,159,979.75,1,4,4,14,at_Risk
678,8,159,949.05,1,4,4,14,at_Risk
5408,1,159,965.45,5,4,4,54,champions
5912,6,159,1027.9,2,4,4,24,at_Risk
39,9,159,2236.85,1,4,5,14,at_Risk
34,3,159,1836.8,3,4,5,34,loyal_customers
5433,2,159,1072.05,4,4,4,44,loyal_customers
5776,1,159,1313.0,5,4,5,54,champions
5498,3,159,1447.9,3,4,5,34,loyal_customers
5496,2,159,1883.0,4,4,5,44,loyal_customers
8007,3,158,705.5,3,4,3,34,loyal_customers
8280,1,158,1326.45,5,4,5,54,champions
756,1,158,756.0,5,4,3,54,champions
311,2,158,775.5,4,4,3,44,loyal_customers
8183,2,157,888.45,4,4,4,44,loyal_customers
447,1,157,969.95,5,4,4,54,champions
5222,2,157,1239.35,4,4,5,44,loyal_customers
465,3,157,1072.3,3,4,4,34,loyal_customers
8082,1,156,729.4,5,4,3,54,champions
5144,9,156,1097.64,1,4,4,14,at_Risk
473,10,156,822.9,1,4,4,14,at_Risk
40,3,156,1095.1,3,4,4,34,loyal_customers
5229,17,156,874.15,1,4,4,14,at_Risk
8312,1,156,1415.9,5,4,5,54,champions
8314,3,156,731.0,3,4,3,34,loyal_customers
5318,6,156,1053.0,2,4,4,24,at_Risk
5425,2,156,890.5,4,4,4,44,loyal_customers
281,2,156,711.75,4,4,3,44,loyal_customers
8110,2,156,887.7,4,4,4,44,loyal_customers
180,2,155,970.15,4,4,4,44,loyal_customers
531,8,155,722.9,1,4,3,14,at_Risk
5854,2,155,1291.8,4,4,5,44,loyal_customers
642,4,155,877.25,3,4,4,34,loyal_customers
8087,16,155,1104.5,1,4,4,14,at_Risk
313,2,155,1031.4,4,4,4,44,loyal_customers
8275,4,155,1408.3,3,4,5,34,loyal_customers
764,9,155,856.0,1,4,4,14,at_Risk
8091,3,154,938.2,3,4,4,34,loyal_customers
8140,4,154,794.85,3,4,3,34,loyal_customers
302,4,154,927.2,3,4,4,34,loyal_customers
392,5,154,1143.6,2,4,5,24,at_Risk
5464,6,154,822.9,2,4,4,24,at_Risk
60,3,154,1502.18,3,4,5,34,loyal_customers
5861,2,154,1105.2,4,4,4,44,loyal_customers
8178,2,154,728.6,4,4,3,44,loyal_customers
5677,9,154,1116.55,1,4,5,14,at_Risk
8094,7,154,983.15,2,4,4,24,at_Risk
5437,3,154,1231.3,3,4,5,34,loyal_customers
16,4,154,1135.0,3,4,5,34,loyal_customers
5171,2,154,1189.5,4,4,5,44,loyal_customers
5739,2,154,1109.0,4,4,4,44,loyal_customers
564,2,154,655.55,4,4,3,44,loyal_customers
5410,1,154,1097.35,5,4,4,54,champions
8294,3,154,945.15,3,4,4,34,loyal_customers
5817,1,154,1243.9,5,4,5,54,champions
8230,5,153,1109.0,2,4,4,24,at_Risk
8181,4,153,1106.35,3,4,4,34,loyal_customers
116,2,153,1061.25,4,4,4,44,loyal_customers
448,3,153,744.75,3,4,3,34,loyal_customers
5187,1,153,850.3,5,4,4,54,champions
263,1,153,692.9,5,4,3,54,champions
5754,4,153,1285.85,3,4,5,34,loyal_customers
8077,1,153,896.8,5,4,4,54,champions
5416,2,153,1692.3,4,4,5,44,loyal_customers
131,4,153,1082.25,3,4,4,34,loyal_customers
176,5,153,1069.25,2,4,4,24,at_Risk
5232,2,153,1197.65,4,4,5,44,loyal_customers
8264,2,152,912.9,4,4,4,44,loyal_customers
602,7,152,824.1,2,4,4,24,at_Risk
763,8,152,1022.2,1,4,4,14,at_Risk
681,6,152,778.3,2,4,3,24,at_Risk
8044,2,152,911.25,4,4,4,44,loyal_customers
628,5,152,997.0,2,4,4,24,at_Risk
46,5,152,729.05,2,4,3,24,at_Risk
286,4,152,1080.2,3,4,4,34,loyal_customers
8471,17,152,739.95,1,4,3,14,at_Risk
5388,9,151,1079.5,1,4,4,14,at_Risk
567,2,151,695.2,4,4,3,44,loyal_customers
8029,1,151,679.9,5,4,3,54,champions
5332,1,151,934.65,5,4,4,54,champions
507,4,151,1382.35,3,4,5,34,loyal_customers
572,2,151,819.2,4,4,4,44,loyal_customers
41,9,151,870.4,1,4,4,14,at_Risk
8355,7,150,940.8,2,4,4,24,at_Risk
8075,4,150,1483.6,3,4,5,34,loyal_customers
251,1,150,807.0,5,4,3,54,champions
5096,3,150,734.1,3,4,3,34,loyal_customers
5145,1,150,1057.65,5,4,4,54,champions
5224,1,150,942.3,5,4,4,54,champions
624,4,150,845.15,3,4,4,34,loyal_customers
8010,3,150,908.45,3,4,4,34,loyal_customers
8435,7,150,1059.05,2,4,4,24,at_Risk
5550,1,150,1318.55,5,4,5,54,champions
591,1,150,1030.5,5,4,4,54,champions
758,19,150,958.4,1,4,4,14,at_Risk
5636,2,150,1009.4,4,4,4,44,loyal_customers
8024,1,150,689.5,5,4,3,54,champions
42,9,150,1164.4,1,4,5,14,at_Risk
5082,2,150,960.6,4,4,4,44,loyal_customers
5858,3,150,1569.25,3,4,5,34,loyal_customers
477,1,150,1689.13,5,4,5,54,champions
105,2,150,1153.2,4,4,5,44,loyal_customers
5583,2,149,711.7,4,4,3,44,loyal_customers
5272,7,149,989.65,2,4,4,24,at_Risk
8097,1,149,817.5,5,4,4,54,champions
5919,3,149,865.3,3,4,4,34,loyal_customers
8021,7,149,1027.25,2,4,4,24,at_Risk
627,1,149,1060.7,5,4,4,54,champions
5795,1,149,1201.0,5,4,5,54,champions
8388,2,149,951.5,4,4,4,44,loyal_customers
8385,1,149,882.25,5,4,4,54,champions
5274,1,149,1012.2,5,4,4,54,champions
8342,2,148,812.05,4,4,3,44,loyal_customers
5303,2,148,1166.8,4,4,5,44,loyal_customers
8458,5,148,814.35,2,4,3,24,at_Risk
550,2,148,739.1,4,4,3,44,loyal_customers
25,2,148,919.3,4,4,4,44,loyal_customers
169,3,148,853.6,3,4,4,34,loyal_customers
5417,2,148,1607.45,4,4,5,44,loyal_customers
8265,3,148,781.85,3,4,3,34,loyal_customers
5085,2,148,1042.25,4,4,4,44,loyal_customers
154,20,148,974.4,1,4,4,14,at_Risk
279,8,148,725.4,1,4,3,14,at_Risk
33,2,148,903.6,4,4,4,44,loyal_customers
5062,4,148,973.8,3,4,4,34,loyal_customers
527,4,148,626.4,3,4,3,34,loyal_customers
5414,2,148,1266.0,4,4,5,44,loyal_customers
8276,3,148,1091.8,3,4,4,34,loyal_customers
8078,3,147,811.9,3,4,3,34,loyal_customers
5467,3,147,1161.1,3,4,5,34,loyal_customers
5220,2,147,1144.8,4,4,5,44,loyal_customers
5515,1,147,1211.4,5,4,5,54,champions
248,2,147,926.9,4,4,4,44,loyal_customers
8189,8,147,869.6,1,4,4,14,at_Risk
424,3,147,688.05,3,4,3,34,loyal_customers
539,1,147,651.7,5,4,3,54,champions
8451,5,147,742.95,2,4,3,24,at_Risk
8102,5,147,737.4,2,4,3,24,at_Risk
237,2,147,674.5,4,4,3,44,loyal_customers
8292,4,147,678.15,3,4,3,34,loyal_customers
5506,5,147,968.0,2,4,4,24,at_Risk
5487,1,147,718.05,5,4,3,54,champions
5201,7,147,1022.7,2,4,4,24,at_Risk
5929,5,146,799.8,2,4,3,24,at_Risk
5685,2,146,843.85,4,4,4,44,loyal_customers
683,2,146,794.0,4,4,3,44,loyal_customers
8274,2,146,736.75,4,4,3,44,loyal_customers
573,2,146,990.0,4,4,4,44,loyal_customers
670,4,146,1060.8,3,4,4,34,loyal_customers
684,2,146,735.0,4,4,3,44,loyal_customers
8439,1,146,966.75,5,4,4,54,champions
5281,1,146,921.3,5,4,4,54,champions
14,1,146,687.8,5,4,3,54,champions
5262,2,146,785.9,4,4,3,44,loyal_customers
5132,3,146,771.2,3,4,3,34,loyal_customers
136,1,146,823.55,5,4,4,54,champions
5286,1,146,1214.5,5,4,5,54,champions
5885,1,145,1005.6,5,4,4,54,champions
5527,2,145,1234.1,4,4,5,44,loyal_customers
5392,2,145,909.7,4,4,4,44,loyal_customers
581,1,145,1959.5,5,4,5,54,champions
589,2,145,741.95,4,4,3,44,loyal_customers
8122,5,145,1447.25,2,4,5,24,at_Risk
8027,2,145,631.1,4,4,3,44,loyal_customers
546,2,145,822.6,4,4,4,44,loyal_customers
485,4,145,750.9,3,4,3,34,loyal_customers
267,4,145,1427.0,3,4,5,34,loyal_customers
5119,5,144,994.5,2,4,4,24,at_Risk
5658,2,144,676.75,4,4,3,44,loyal_customers
8419,1,144,925.5,5,4,4,54,champions
179,5,144,634.0,2,4,3,24,at_Risk
151,7,144,571.25,2,4,2,24,at_Risk
307,1,144,721.6,5,4,3,54,champions
8329,5,144,748.5,2,4,3,24,at_Risk
5372,5,144,823.4,2,4,4,24,at_Risk
8174,1,144,838.5,5,4,4,54,champions
577,5,144,908.3,2,4,4,24,at_Risk
5625,2,144,1366.6,4,4,5,44,loyal_customers
5174,1,144,1155.5,5,4,5,54,champions
5744,2,143,1194.9,4,4,5,44,loyal_customers
8401,1,143,631.7,5,4,3,54,champions
5376,17,143,786.9,1,4,3,14,at_Risk
8434,2,143,846.8,4,4,4,44,loyal_customers
5581,2,143,630.7,4,4,3,44,loyal_customers
52,3,143,773.5,3,4,3,34,loyal_customers
5824,2,143,1090.6,4,4,4,44,loyal_customers
8363,3,143,854.0,3,4,4,34,loyal_customers
173,8,143,1013.0,1,4,4,14,at_Risk
285,4,143,828.2,3,4,4,34,loyal_customers
8250,3,143,703.95,3,4,3,34,loyal_customers
5383,1,143,903.85,5,4,4,54,champions
5941,5,143,1197.2,2,4,5,24,at_Risk
693,18,142,850.5,1,4,4,14,at_Risk
340,2,142,739.6,4,4,3,44,loyal_customers
8202,4,142,863.2,3,4,4,34,loyal_customers
8243,4,142,751.6,3,4,3,34,loyal_customers
280,2,142,874.75,4,4,4,44,loyal_customers
5208,2,142,1037.1,4,4,4,44,loyal_customers
650,1,142,702.1,5,4,3,54,champions
8465,2,142,724.6,4,4,3,44,loyal_customers
8231,1,142,891.6,5,4,4,54,champions
8160,2,142,560.2,4,4,2,44,loyal_customers
8093,4,142,845.7,3,4,4,34,loyal_customers
8205,1,142,695.75,5,4,3,54,champions
278,5,142,762.25,2,4,3,24,at_Risk
8105,3,142,1025.85,3,4,4,34,loyal_customers
306,18,142,1789.45,1,4,5,14,at_Risk
8284,9,142,757.8,1,4,3,14,at_Risk
5244,1,142,1973.4,5,4,5,54,champions
5623,1,142,1990.34,5,4,5,54,champions
5447,4,142,1011.3,3,4,4,34,loyal_customers
5678,1,142,922.9,5,4,4,54,champions
5575,1,141,838.05,5,4,4,54,champions
8338,1,141,669.5,5,4,3,54,champions
5832,2,141,990.7,4,4,4,44,loyal_customers
8496,1,141,746.5,5,4,3,54,champions
8016,5,141,700.3,2,4,3,24,at_Risk
495,5,141,683.4,2,4,3,24,at_Risk
107,4,141,889.05,3,4,4,34,loyal_customers
193,5,141,786.45,2,4,3,24,at_Risk
5438,9,141,1450.85,1,4,5,14,at_Risk
8467,2,140,746.8,4,4,3,44,loyal_customers
5045,1,140,755.75,5,4,3,54,champions
580,4,140,942.55,3,4,4,34,loyal_customers
8209,6,140,884.95,2,4,4,24,at_Risk
162,5,140,780.95,2,4,3,24,at_Risk
138,1,140,608.8,5,4,2,54,champions
8017,6,140,1100.75,2,4,4,24,at_Risk
8337,4,140,663.95,3,4,3,34,loyal_customers
8088,1,140,690.05,5,4,3,54,champions
8469,1,140,774.3,5,4,3,54,champions
8409,12,140,922.75,1,4,4,14,at_Risk
8156,6,140,1044.0,2,4,4,24,at_Risk
655,1,140,583.9,5,4,2,54,champions
291,1,140,1178.45,5,4,5,54,champions
87,1,140,756.4,5,4,3,54,champions
172,4,140,724.1,3,4,3,34,loyal_customers
8068,8,140,839.2,1,4,4,14,at_Risk
5545,1,140,1130.65,5,4,5,54,champions
5166,2,140,898.8,4,4,4,44,loyal_customers
8014,2,140,1005.1,4,4,4,44,loyal_customers
5746,1,139,862.6,5,4,4,54,champions
8288,1,139,748.0,5,4,3,54,champions
508,3,139,636.25,3,4,3,34,loyal_customers
321,1,139,976.9,5,4,4,54,champions
99,3,139,730.45,3,4,3,34,loyal_customers
5384,3,139,757.9,3,4,3,34,loyal_customers
5435,2,139,1003.8,4,4,4,44,loyal_customers
723,8,139,829.2,1,4,4,14,at_Risk
8062,18,139,702.2,1,4,3,14,at_Risk
8470,1,139,692.9,5,4,3,54,champions
6,9,139,655.35,1,4,3,14,at_Risk
5818,5,139,857.41,2,4,4,24,at_Risk
5182,4,139,906.2,3,4,4,34,loyal_customers
24,5,139,767.05,2,4,3,24,at_Risk
8083,6,139,899.0,2,4,4,24,at_Risk
229,1,139,798.85,5,4,3,54,champions
8107,1,138,651.8,5,4,3,54,champions
119,1,138,878.2,5,4,4,54,champions
5607,1,138,903.45,5,4,4,54,champions
5612,4,138,656.7,3,4,3,34,loyal_customers
5025,5,138,908.75,2,4,4,24,at_Risk
282,3,138,580.3,3,4,2,34,loyal_customers
5637,7,138,1257.6,2,4,5,24,at_Risk
720,5,138,661.1,2,4,3,24,at_Risk
5662,1,137,2013.35,5,4,5,54,champions
318,3,137,700.2,3,4,3,34,loyal_customers
5899,2,137,842.5,4,4,4,44,loyal_customers
269,2,137,906.95,4,4,4,44,loyal_customers
66,11,137,1024.25,1,4,4,14,at_Risk
118,11,137,795.1,1,4,3,14,at_Risk
5268,3,137,975.7,3,4,4,34,loyal_customers
352,1,137,548.55,5,4,2,54,champions
691,2,137,647.65,4,4,3,44,loyal_customers
82,2,137,725.25,4,4,3,44,loyal_customers
5874,13,137,1114.35,1,4,5,14,at_Risk
191,7,137,776.9,2,4,3,24,at_Risk
665,7,137,1480.5,2,4,5,24,at_Risk
461,3,137,1500.5,3,4,5,34,loyal_customers
8422,4,137,1143.0,3,4,5,34,loyal_customers
5830,3,136,1183.2,3,4,5,34,loyal_customers
5901,2,136,819.7,4,4,4,44,loyal_customers
8418,6,136,831.0,2,4,4,24,at_Risk
8499,1,136,727.2,5,4,3,54,champions
745,5,136,667.2,2,4,3,24,at_Risk
533,5,136,1477.4,2,4,5,24,at_Risk
133,5,136,799.5,2,4,3,24,at_Risk
8478,3,136,849.65,3,4,4,34,loyal_customers
8320,5,136,741.55,2,4,3,24,at_Risk
444,1,136,1007.65,5,4,4,54,champions
8326,2,136,641.0,4,4,3,44,loyal_customers
625,2,136,919.6,4,4,4,44,loyal_customers
5646,1,136,1035.5,5,4,4,54,champions
8015,7,136,1031.1,2,4,4,24,at_Risk
5023,1,136,1051.4,5,4,4,54,champions
8217,7,136,1054.4,2,4,4,24,at_Risk
379,3,136,586.95,3,4,2,34,loyal_customers
5090,1,136,728.42,5,4,3,54,champions
8476,6,136,691.7,2,4,3,24,at_Risk
5502,1,136,820.1,5,4,4,54,champions
5032,9,136,1583.55,1,4,5,14,at_Risk
629,4,136,563.7,3,4,2,34,loyal_customers
5159,2,136,814.2,4,4,3,44,loyal_customers
8149,2,135,597.4,4,4,2,44,loyal_customers
5233,6,135,1332.5,2,4,5,24,at_Risk
5453,1,135,680.2,5,4,3,54,champions
525,2,135,763.0,4,4,3,44,loyal_customers
8098,4,135,684.0,3,4,3,34,loyal_customers
8133,6,135,738.0,2,4,3,24,at_Risk
8372,3,135,634.0,3,4,3,34,loyal_customers
5120,7,135,978.2,2,4,4,24,at_Risk
8150,3,135,1056.55,3,4,4,34,loyal_customers
120,4,135,723.0,3,4,3,34,loyal_customers
554,2,135,736.6,4,4,3,44,loyal_customers
8049,8,135,759.75,1,4,3,14,at_Risk
5504,1,135,948.0,5,4,4,54,champions
30,9,135,931.0,1,4,4,14,at_Risk
8053,11,135,785.85,1,4,3,14,at_Risk
9,4,135,1026.35,3,4,4,34,loyal_customers
5164,2,134,1001.7,4,4,4,44,loyal_customers
8376,1,134,890.3,5,4,4,54,champions
8291,5,134,805.25,2,4,3,24,at_Risk
200,3,134,856.5,3,4,4,34,loyal_customers
5283,2,134,762.05,4,4,3,44,loyal_customers
241,5,134,684.2,2,4,3,24,at_Risk
5632,2,134,1740.45,4,4,5,44,loyal_customers
5570,2,134,1178.5,4,4,5,44,loyal_customers
5326,1,134,631.4,5,4,3,54,champions
5935,2,134,635.3,4,4,3,44,loyal_customers
5782,1,134,882.0,5,4,4,54,champions
8211,5,134,746.4,2,4,3,24,at_Risk
8286,6,134,968.0,2,4,4,24,at_Risk
206,3,134,785.5,3,4,3,34,loyal_customers
621,4,134,726.6,3,4,3,34,loyal_customers
5933,2,134,1800.15,4,4,5,44,loyal_customers
5205,1,134,1020.5,5,4,4,54,champions
54,1,134,815.4,5,4,3,54,champions
5440,2,133,660.05,4,4,3,44,loyal_customers
8399,1,133,715.4,5,4,3,54,champions
95,4,133,683.8,3,4,3,34,loyal_customers
785,1,133,697.4,5,4,3,54,champions
685,5,133,726.5,2,4,3,24,at_Risk
689,3,133,783.5,3,4,3,34,loyal_customers
732,6,133,864.9,2,4,4,24,at_Risk
5002,1,133,875.1,5,4,4,54,champions
8137,6,133,854.8,2,4,4,24,at_Risk
8305,1,133,720.0,5,4,3,54,champions
584,3,133,538.05,3,4,2,34,loyal_customers
510,6,133,612.5,2,4,3,24,at_Risk
8031,5,133,695.9,2,4,3,24,at_Risk
765,7,133,795.1,2,4,3,24,at_Risk
5620,1,133,880.15,5,4,4,54,champions
5559,10,132,762.5,1,4,3,14,at_Risk
8,4,132,788.1,3,4,3,34,loyal_customers
83,8,132,556.75,1,4,2,14,at_Risk
246,7,132,724.8,2,4,3,24,at_Risk
5576,2,132,626.0,4,4,3,44,loyal_customers
5176,7,132,957.4,2,4,4,24,at_Risk
300,5,132,597.95,2,4,2,24,at_Risk
8290,4,132,761.25,3,4,3,34,loyal_customers
166,4,132,606.5,3,4,2,34,loyal_customers
8136,5,132,634.5,2,4,3,24,at_Risk
5279,3,132,953.15,3,4,4,34,loyal_customers
8151,4,132,637.85,3,4,3,34,loyal_customers
5842,8,132,1147.2,1,4,5,14,at_Risk
472,1,132,609.65,5,4,3,54,champions
5315,15,132,1452.8,1,4,5,14,at_Risk
5290,6,132,882.3,2,4,4,24,at_Risk
5169,1,131,1112.5,5,3,5,53,potential_loyalists
5672,3,131,837.8,3,3,4,33,need_attention
5391,2,131,766.35,4,3,3,43,potential_loyalists
526,10,131,1954.5,1,3,5,13,at_Risk
8040,11,131,705.8,1,3,3,13,at_Risk
44,8,131,682.25,1,3,3,13,at_Risk
692,8,131,601.0,1,3,2,13,at_Risk
400,3,131,1109.0,3,3,4,33,need_attention
199,4,131,555.2,3,3,2,33,need_attention
341,1,131,673.25,5,3,3,53,potential_loyalists
8295,4,131,1097.95,3,3,4,33,need_attention
8405,7,131,833.6,2,3,4,23,at_Risk
5826,4,131,908.2,3,3,4,33,need_attention
5092,1,131,738.85,5,3,3,53,potential_loyalists
5758,1,131,786.5,5,3,3,53,potential_loyalists
552,9,131,696.0,1,3,3,13,at_Risk
538,2,131,829.7,4,3,4,43,potential_loyalists
5688,6,131,1774.3,2,3,5,23,at_Risk
698,2,131,894.0,4,3,4,43,potential_loyalists
5124,3,131,1820.65,3,3,5,33,need_attention
230,1,130,854.95,5,3,4,53,potential_loyalists
726,17,130,791.35,1,3,3,13,at_Risk
5306,1,130,717.25,5,3,3,53,potential_loyalists
757,13,130,630.0,1,3,3,13,at_Risk
5218,1,130,693.5,5,3,3,53,potential_loyalists
8490,8,129,693.5,1,3,3,13,at_Risk
5141,1,129,761.4,5,3,3,53,potential_loyalists
8001,3,129,813.0,3,3,3,33,need_attention
8130,11,129,836.3,1,3,4,13,at_Risk
441,1,129,764.95,5,3,3,53,potential_loyalists
8333,1,129,820.0,5,3,4,53,potential_loyalists
8432,6,129,592.5,2,3,2,23,at_Risk
128,5,129,596.1,2,3,2,23,at_Risk
497,2,129,614.75,4,3,3,43,potential_loyalists
5389,1,129,926.85,5,3,4,53,potential_loyalists
205,8,129,881.05,1,3,4,13,at_Risk
640,1,129,824.55,5,3,4,53,potential_loyalists
5724,1,129,728.25,5,3,3,53,potential_loyalists
491,6,129,1798.5,2,3,5,23,at_Risk
463,14,129,591.5,1,3,2,13,at_Risk
8430,1,129,661.9,5,3,3,53,potential_loyalists
5728,2,129,899.4,4,3,4,43,potential_loyalists
5204,9,129,933.04,1,3,4,13,at_Risk
5209,7,129,1035.35,2,3,4,23,at_Risk
5257,4,128,1051.95,3,3,4,33,need_attention
289,9,128,1207.2,1,3,5,13,at_Risk
736,4,128,847.95,3,3,4,33,need_attention
8404,7,128,646.25,2,3,3,23,at_Risk
398,1,128,657.15,5,3,3,53,potential_loyalists
8035,19,128,749.15,1,3,3,13,at_Risk
777,2,128,1332.0,4,3,5,43,potential_loyalists
722,1,128,549.0,5,3,2,53,potential_loyalists
356,1,128,849.9,5,3,4,53,potential_loyalists
8023,1,128,599.45,5,3,2,53,potential_loyalists
5509,1,128,722.15,5,3,3,53,potential_loyalists
5375,1,128,892.5,5,3,4,53,potential_loyalists
5610,2,127,972.45,4,3,4,43,potential_loyalists
5925,1,127,732.35,5,3,3,53,potential_loyalists
157,5,127,660.55,2,3,3,23,at_Risk
8358,3,127,745.8,3,3,3,33,need_attention
796,4,127,735.75,3,3,3,33,need_attention
603,9,127,1001.8,1,3,4,13,at_Risk
5600,1,127,952.0,5,3,4,53,potential_loyalists
5573,2,127,858.9,4,3,4,43,potential_loyalists
8067,4,127,696.5,3,3,3,33,need_attention
5468,1,127,1053.85,5,3,4,53,potential_loyalists
5039,4,127,1514.1,3,3,5,33,need_attention
8479,7,127,832.4,2,3,4,23,at_Risk
5702,17,127,969.5,1,3,4,13,at_Risk
336,2,127,664.0,4,3,3,43,potential_loyalists
5157,1,127,716.8,5,3,3,53,potential_loyalists
483,9,127,645.2,1,3,3,13,at_Risk
5684,1,127,944.2,5,3,4,53,potential_loyalists
5594,2,127,695.3,4,3,3,43,potential_loyalists
5881,2,126,885.0,4,3,4,43,potential_loyalists
197,9,126,701.6,1,3,3,13,at_Risk
5451,5,126,580.55,2,3,2,23,at_Risk
210,4,126,687.55,3,3,3,33,need_attention
8497,5,126,992.8,2,3,4,23,at_Risk
5815,2,126,707.0,4,3,3,43,potential_loyalists
5578,2,126,831.7,4,3,4,43,potential_loyalists
5481,2,126,773.45,4,3,3,43,potential_loyalists
5259,5,126,621.85,2,3,3,23,at_Risk
50,17,126,743.25,1,3,3,13,at_Risk
701,11,126,547.8,1,3,2,13,at_Risk
57,1,126,741.0,5,3,3,53,potential_loyalists
5494,3,126,1781.9,3,3,5,33,need_attention
5095,2,126,844.45,4,3,4,43,potential_loyalists
5422,2,126,1118.8,4,3,5,43,potential_loyalists
649,3,126,1712.5,3,3,5,33,need_attention
5630,1,125,704.0,5,3,3,53,potential_loyalists
8247,8,125,626.85,1,3,3,13,at_Risk
5915,2,125,856.1,4,3,4,43,potential_loyalists
5056,2,125,974.3,4,3,4,43,potential_loyalists
8343,6,125,613.6,2,3,3,23,at_Risk
5880,1,125,675.95,5,3,3,53,potential_loyalists
8356,10,125,560.3,1,3,2,13,at_Risk
5571,3,125,819.34,3,3,4,33,need_attention
8089,2,125,592.8,4,3,2,43,potential_loyalists
504,4,125,1316.9,3,3,5,33,need_attention
8063,7,125,824.5,2,3,4,23,at_Risk
633,1,125,576.1,5,3,2,53,potential_loyalists
8371,1,125,604.15,5,3,2,53,potential_loyalists
5752,11,125,702.8,1,3,3,13,at_Risk
5345,2,125,997.7,4,3,4,43,potential_loyalists
587,5,125,835.8,2,3,4,23,at_Risk
5916,1,125,1344.9,5,3,5,53,potential_loyalists
5154,9,124,707.0,1,3,3,13,at_Risk
490,18,124,785.75,1,3,3,13,at_Risk
5399,2,124,1045.7,4,3,4,43,potential_loyalists
8426,8,124,629.85,1,3,3,13,at_Risk
5564,2,124,696.8,4,3,3,43,potential_loyalists
195,8,124,689.0,1,3,3,13,at_Risk
156,1,124,858.5,5,3,4,53,potential_loyalists
109,5,124,739.85,2,3,3,23,at_Risk
294,2,124,830.05,4,3,4,43,potential_loyalists
515,6,124,560.2,2,3,2,23,at_Risk
5289,1,124,823.75,5,3,4,53,potential_loyalists
5046,4,124,753.0,3,3,3,33,need_attention
5492,2,124,772.4,4,3,3,43,potential_loyalists
768,1,124,980.7,5,3,4,53,potential_loyalists
5490,2,123,563.5,4,3,2,43,potential_loyalists
8163,2,123,692.7,4,3,3,43,potential_loyalists
5321,1,123,729.0,5,3,3,53,potential_loyalists
5846,2,123,788.9,4,3,3,43,potential_loyalists
8162,7,123,552.9,2,3,2,23,at_Risk
38,1,123,980.95,5,3,4,53,potential_loyalists
435,3,123,1314.8,3,3,5,33,need_attention
8258,5,123,617.05,2,3,3,23,at_Risk
10,1,123,633.2,5,3,3,53,potential_loyalists
8125,10,123,853.2,1,3,4,13,at_Risk
5349,1,123,829.05,5,3,4,53,potential_loyalists
560,14,123,711.5,1,3,3,13,at_Risk
8155,1,123,791.95,5,3,3,53,potential_loyalists
5931,1,123,652.7,5,3,3,53,potential_loyalists
5747,1,122,745.15,5,3,3,53,potential_loyalists
315,1,122,919.5,5,3,4,53,potential_loyalists
5190,1,122,786.68,5,3,3,53,potential_loyalists
544,5,122,598.9,2,3,2,23,at_Risk
327,6,122,817.9,2,3,4,23,at_Risk
374,6,122,600.95,2,3,2,23,at_Risk
5269,5,122,579.4,2,3,2,23,at_Risk
370,19,122,1056.7,1,3,4,13,at_Risk
143,2,122,624.3,4,3,3,43,potential_loyalists
326,5,122,798.65,2,3,3,23,at_Risk
274,1,122,862.1,5,3,4,53,potential_loyalists
8234,6,122,793.5,2,3,3,23,at_Risk
5368,6,122,782.95,2,3,3,23,at_Risk
5924,2,121,561.7,4,3,2,43,potential_loyalists
8108,7,121,628.9,2,3,3,23,at_Risk
252,3,121,633.5,3,3,3,33,need_attention
5542,1,121,663.98,5,3,3,53,potential_loyalists
646,3,121,556.45,3,3,2,33,need_attention
5577,2,121,616.7,4,3,3,43,potential_loyalists
5123,1,121,788.5,5,3,3,53,potential_loyalists
305,4,121,777.7,3,3,3,33,need_attention
708,7,121,589.3,2,3,2,23,at_Risk
149,4,121,560.2,3,3,2,33,need_attention
5210,2,121,1071.4,4,3,4,43,potential_loyalists
5270,1,121,569.9,5,3,2,53,potential_loyalists
8273,8,121,560.25,1,3,2,13,at_Risk
76,4,121,725.45,3,3,3,33,need_attention
368,7,121,794.1,2,3,3,23,at_Risk
5597,1,120,730.0,5,3,3,53,potential_loyalists
11,2,120,722.2,4,3,3,43,potential_loyalists
418,9,120,817.4,1,3,3,13,at_Risk
8020,3,120,1011.0,3,3,4,33,need_attention
5820,13,120,826.25,1,3,4,13,at_Risk
5452,1,120,764.0,5,3,3,53,potential_loyalists
5277,5,120,990.4,2,3,4,23,at_Risk
273,19,120,654.0,1,3,3,13,at_Risk
5895,1,120,816.9,5,3,3,53,potential_loyalists
5641,1,120,614.1,5,3,3,53,potential_loyalists
523,11,120,822.0,1,3,4,13,at_Risk
43,1,120,668.1,5,3,3,53,potential_loyalists
8362,2,120,984.9,4,3,4,43,potential_loyalists
653,2,120,1564.4,4,3,5,43,potential_loyalists
8304,15,119,724.0,1,3,3,13,at_Risk
5644,1,119,597.5,5,3,2,53,potential_loyalists
12,3,119,705.0,3,3,3,33,need_attention
702,1,119,651.5,5,3,3,53,potential_loyalists
645,3,119,705.5,3,3,3,33,need_attention
5562,1,119,803.4,5,3,3,53,potential_loyalists
92,2,119,528.0,4,3,2,43,potential_loyalists
5719,1,119,864.1,5,3,4,53,potential_loyalists
212,7,119,600.55,2,3,2,23,at_Risk
346,1,119,593.35,5,3,2,53,potential_loyalists
250,3,119,634.5,3,3,3,33,need_attention
111,2,119,735.5,4,3,3,43,potential_loyalists
211,2,119,615.45,4,3,3,43,potential_loyalists
5671,1,119,900.7,5,3,4,53,potential_loyalists
283,4,119,812.1,3,3,3,33,need_attention
5112,2,119,1577.27,4,3,5,43,potential_loyalists
5086,4,118,1015.5,3,3,4,33,need_attention
5923,11,118,706.0,1,3,3,13,at_Risk
774,4,118,542.6,3,3,2,33,need_attention
725,1,118,802.1,5,3,3,53,potential_loyalists
184,7,118,814.2,2,3,3,23,at_Risk
790,7,118,850.1,2,3,4,23,at_Risk
5006,1,118,732.5,5,3,3,53,potential_loyalists
288,2,118,780.6,4,3,3,43,potential_loyalists
213,4,118,815.5,3,3,3,33,need_attention
8119,7,118,870.5,2,3,4,23,at_Risk
5821,2,118,578.05,4,3,2,43,potential_loyalists
94,2,118,674.85,4,3,3,43,potential_loyalists
8287,6,118,617.05,2,3,3,23,at_Risk
449,2,118,758.55,4,3,3,43,potential_loyalists
5378,1,118,818.3,5,3,4,53,potential_loyalists
8026,1,118,604.55,5,3,2,53,potential_loyalists
542,7,118,1044.5,2,3,4,23,at_Risk
113,2,118,573.0,4,3,2,43,potential_loyalists
5402,1,118,701.85,5,3,3,53,potential_loyalists
67,2,118,767.15,4,3,3,43,potential_loyalists
8283,1,118,1000.4,5,3,4,53,potential_loyalists
5532,2,118,578.2,4,3,2,43,potential_loyalists
170,3,118,1419.4,3,3,5,33,need_attention
8315,4,118,689.05,3,3,3,33,need_attention
5180,2,117,1170.5,4,3,5,43,potential_loyalists
5651,2,117,652.4,4,3,3,43,potential_loyalists
7,2,117,743.1,4,3,3,43,potential_loyalists
8464,6,117,829.9,2,3,4,23,at_Risk
8367,5,117,552.0,2,3,2,23,at_Risk
8135,5,117,651.3,2,3,3,23,at_Risk
666,8,117,448.7,1,3,2,13,at_Risk
8239,1,117,535.5,5,3,2,53,potential_loyalists
5238,6,117,1404.3,2,3,5,23,at_Risk
5731,1,117,666.3,5,3,3,53,potential_loyalists
236,4,117,480.95,3,3,2,33,need_attention
5348,13,117,712.7,1,3,3,13,at_Risk
553,9,117,626.5,1,3,3,13,at_Risk
8090,3,117,803.85,3,3,3,33,need_attention
5005,2,117,639.2,4,3,3,43,potential_loyalists
5768,5,117,1055.2,2,3,4,23,at_Risk
566,1,117,921.55,5,3,4,53,potential_loyalists
5656,1,116,976.4,5,3,4,53,potential_loyalists
512,6,116,574.25,2,3,2,23,at_Risk
5465,1,116,890.5,5,3,4,53,potential_loyalists
592,3,116,658.0,3,3,3,33,need_attention
8491,2,116,779.55,4,3,3,43,potential_loyalists
5568,5,116,883.0,2,3,4,23,at_Risk
8132,4,116,540.5,3,3,2,33,need_attention
5798,8,116,660.45,1,3,3,13,at_Risk
8055,3,116,460.5,3,3,2,33,need_attention
5111,3,116,758.5,3,3,3,33,need_attention
51,8,116,625.35,1,3,3,13,at_Risk
482,1,116,841.9,5,3,4,53,potential_loyalists
5158,1,116,766.9,5,3,3,53,potential_loyalists
8123,6,115,640.9,2,3,3,23,at_Risk
5236,11,115,584.95,1,3,2,13,at_Risk
730,2,115,761.6,4,3,3,43,potential_loyalists
8317,2,115,591.75,4,3,2,43,potential_loyalists
5761,22,115,654.25,1,3,3,13,at_Risk
5017,2,115,629.95,4,3,3,43,potential_loyalists
617,2,115,427.85,4,3,2,43,potential_loyalists
5804,5,115,1079.9,2,3,4,23,at_Risk
5703,2,115,623.6,4,3,3,43,potential_loyalists
5790,3,115,1424.85,3,3,5,33,need_attention
8018,7,115,554.8,2,3,2,23,at_Risk
182,2,115,628.0,4,3,3,43,potential_loyalists
789,1,115,710.8,5,3,3,53,potential_loyalists
5093,2,115,668.4,4,3,3,43,potential_loyalists
134,17,115,621.95,1,3,3,13,at_Risk
5284,2,115,592.25,4,3,2,43,potential_loyalists
8456,3,115,529.0,3,3,2,33,need_attention
561,12,115,1198.9,1,3,5,13,at_Risk
175,1,115,720.0,5,3,3,53,potential_loyalists
5765,1,115,1939.4,5,3,5,53,potential_loyalists
8199,10,115,772.3,1,3,3,13,at_Risk
350,5,115,451.75,2,3,2,23,at_Risk
5757,3,115,584.0,3,3,2,33,need_attention
5489,2,115,1489.2,4,3,5,43,potential_loyalists
314,4,115,698.5,3,3,3,33,need_attention
5696,2,115,719.1,4,3,3,43,potential_loyalists
5670,1,114,863.5,5,3,4,53,potential_loyalists
5418,1,114,614.95,5,3,3,53,potential_loyalists
190,17,114,576.6,1,3,2,13,at_Risk
5705,1,114,707.75,5,3,3,53,potential_loyalists
616,2,114,556.25,4,3,2,43,potential_loyalists
5743,2,114,672.45,4,3,3,43,potential_loyalists
425,2,114,743.75,4,3,3,43,potential_loyalists
75,2,114,672.9,4,3,3,43,potential_loyalists
253,1,114,842.55,5,3,4,53,potential_loyalists
125,9,114,643.25,1,3,3,13,at_Risk
8452,7,114,533.25,2,3,2,23,at_Risk
183,2,114,595.0,4,3,2,43,potential_loyalists
8366,1,114,689.75,5,3,3,53,potential_loyalists
466,1,114,570.25,5,3,2,53,potential_loyalists
8331,4,114,530.45,3,3,2,33,need_attention
5871,1,114,706.55,5,3,3,53,potential_loyalists
5081,1,114,1110.0,5,3,4,53,potential_loyalists
5756,3,114,716.7,3,3,3,33,need_attention
5178,1,114,1080.05,5,3,4,53,potential_loyalists
5403,2,113,728.2,4,3,3,43,potential_loyalists
5510,2,113,815.0,4,3,3,43,potential_loyalists
391,7,113,590.5,2,3,2,23,at_Risk
784,10,113,697.3,1,3,3,13,at_Risk
596,2,113,610.4,4,3,3,43,potential_loyalists
114,1,113,555.7,5,3,2,53,potential_loyalists
5456,3,113,728.95,3,3,3,33,need_attention
5860,4,113,1146.9,3,3,5,33,need_attention
5608,2,113,584.7,4,3,2,43,potential_loyalists
414,1,113,668.75,5,3,3,53,potential_loyalists
178,4,113,380.75,3,3,1,33,need_attention
8085,11,113,603.65,1,3,2,13,at_Risk
5700,5,113,528.3,2,3,2,23,at_Risk
570,9,113,617.7,1,3,3,13,at_Risk
88,9,113,555.35,1,3,2,13,at_Risk
5654,1,113,732.5,5,3,3,53,potential_loyalists
8408,3,113,551.9,3,3,2,33,need_attention
719,2,113,945.6,4,3,4,43,potential_loyalists
5825,7,113,962.0,2,3,4,23,at_Risk
8468,5,113,711.75,2,3,3,23,at_Risk
724,4,113,623.5,3,3,3,33,need_attention
5566,1,113,732.75,5,3,3,53,potential_loyalists
5613,6,113,621.85,2,3,3,23,at_Risk
59,4,113,677.9,3,3,3,33,need_attention
5760,2,113,641.3,4,3,3,43,potential_loyalists
5461,2,112,819.7,4,3,4,43,potential_loyalists
5538,1,112,1251.9,5,3,5,53,potential_loyalists
5042,1,112,742.8,5,3,3,53,potential_loyalists
8065,4,112,457.45,3,3,2,33,need_attention
8112,1,112,548.3,5,3,2,53,potential_loyalists
63,1,112,535.45,5,3,2,53,potential_loyalists
469,1,112,646.25,5,3,3,53,potential_loyalists
631,1,112,540.9,5,3,2,53,potential_loyalists
714,3,112,395.0,3,3,1,33,need_attention
5146,8,112,950.4,1,3,4,13,at_Risk
55,4,112,688.2,3,3,3,33,need_attention
636,1,112,596.7,5,3,2,53,potential_loyalists
5720,17,111,1386.8,1,3,5,13,at_Risk
5499,1,111,556.6,5,3,2,53,potential_loyalists
5896,1,111,546.6,5,3,2,53,potential_loyalists
8216,1,111,410.2,5,3,1,53,potential_loyalists
5108,2,111,827.9,4,3,4,43,potential_loyalists
5908,2,111,686.25,4,3,3,43,potential_loyalists
718,2,111,771.8,4,3,3,43,potential_loyalists
772,1,111,445.15,5,3,2,53,potential_loyalists
5835,2,111,608.25,4,3,2,43,potential_loyalists
479,1,111,649.8,5,3,3,53,potential_loyalists
423,6,111,799.7,2,3,3,23,at_Risk
5075,3,111,575.0,3,3,2,33,need_attention
5483,2,110,855.8,4,3,4,43,potential_loyalists
5469,1,110,795.75,5,3,3,53,potential_loyalists
331,6,110,570.25,2,3,2,23,at_Risk
337,4,110,606.95,3,3,2,33,need_attention
122,21,110,589.0,1,3,2,13,at_Risk
18,9,110,839.4,1,3,4,13,at_Risk
5320,6,110,727.0,2,3,3,23,at_Risk
5845,4,110,702.0,3,3,3,33,need_attention
8215,5,110,584.0,2,3,2,23,at_Risk
656,3,110,606.3,3,3,2,33,need_attention
679,6,110,661.2,2,3,3,23,at_Risk
699,5,110,559.6,2,3,2,23,at_Risk
8270,4,110,751.25,3,3,3,33,need_attention
5709,2,110,647.6,4,3,3,43,potential_loyalists
5530,2,110,641.0,4,3,3,43,potential_loyalists
5162,6,109,537.8,2,3,2,23,at_Risk
5750,7,109,592.4,2,3,2,23,at_Risk
5876,7,109,667.0,2,3,3,23,at_Risk
8005,7,109,547.95,2,3,2,23,at_Risk
112,9,109,744.0,1,3,3,13,at_Risk
5808,1,109,1021.3,5,3,4,53,potential_loyalists
416,6,109,756.3,2,3,3,23,at_Risk
8126,3,109,543.8,3,3,2,33,need_attention
5544,1,109,627.3,5,3,3,53,potential_loyalists
47,3,109,664.8,3,3,3,33,need_attention
8175,1,109,1464.4,5,3,5,53,potential_loyalists
545,5,109,492.6,2,3,2,23,at_Risk
5603,6,109,823.85,2,3,4,23,at_Risk
5038,14,109,596.0,1,3,2,13,at_Risk
5429,1,109,799.0,5,3,3,53,potential_loyalists
62,9,109,646.7,1,3,3,13,at_Risk
37,3,109,500.3,3,3,2,33,need_attention
8120,1,109,603.3,5,3,2,53,potential_loyalists
5669,2,109,679.3,4,3,3,43,potential_loyalists
511,1,109,826.5,5,3,4,53,potential_loyalists
5109,1,108,865.2,5,3,4,53,potential_loyalists
5273,6,108,984.35,2,3,4,23,at_Risk
5932,2,108,595.75,4,3,2,43,potential_loyalists
5193,1,108,658.7,5,3,3,53,potential_loyalists
382,11,108,587.6,1,3,2,13,at_Risk
781,23,108,529.7,1,3,2,13,at_Risk
434,1,108,563.8,5,3,2,53,potential_loyalists
5249,2,108,620.25,4,3,3,43,potential_loyalists
196,2,108,566.7,4,3,2,43,potential_loyalists
5012,4,108,1413.75,3,3,5,33,need_attention
5866,5,108,1014.6,2,3,4,23,at_Risk
5520,11,108,943.8,1,3,4,13,at_Risk
8115,7,108,1097.0,2,3,4,23,at_Risk
5064,1,108,720.0,5,3,3,53,potential_loyalists
5512,1,107,1129.6,5,3,5,53,potential_loyalists
5361,1,107,572.75,5,3,2,53,potential_loyalists
565,19,107,883.2,1,3,4,13,at_Risk
778,6,107,539.5,2,3,2,23,at_Risk
5246,1,107,622.12,5,3,3,53,potential_loyalists
240,1,107,615.7,5,3,3,53,potential_loyalists
127,4,107,661.05,3,3,3,33,need_attention
537,5,107,528.3,2,3,2,23,at_Risk
5446,1,107,655.0,5,3,3,53,potential_loyalists
551,3,107,748.5,3,3,3,33,need_attention
799,6,107,571.9,2,3,2,23,at_Risk
20,3,107,485.0,3,3,2,33,need_attention
390,6,107,661.95,2,3,3,23,at_Risk
5030,2,107,646.5,4,3,3,43,potential_loyalists
5721,8,107,660.0,1,3,3,13,at_Risk
84,11,107,737.0,1,3,3,13,at_Risk
5139,2,107,535.75,4,3,2,43,potential_loyalists
5862,2,107,1547.15,4,3,5,43,potential_loyalists
520,1,107,896.25,5,3,4,53,potential_loyalists
393,9,106,671.0,1,3,3,13,at_Risk
5430,2,106,556.15,4,3,2,43,potential_loyalists
5485,10,106,478.15,1,3,2,13,at_Risk
613,17,106,676.5,1,3,3,13,at_Risk
8449,3,106,520.3,3,3,2,33,need_attention
5920,3,106,551.6,3,3,2,33,need_attention
5195,6,106,549.5,2,3,2,23,at_Risk
5129,18,106,776.75,1,3,3,13,at_Risk
8141,3,106,861.1,3,3,4,33,need_attention
5712,2,106,582.75,4,3,2,43,potential_loyalists
5642,8,106,815.2,1,3,3,13,at_Risk
5711,2,106,767.85,4,3,3,43,potential_loyalists
8309,1,106,587.5,5,3,2,53,potential_loyalists
411,4,106,441.3,3,3,2,33,need_attention
5094,2,105,579.9,4,3,2,43,potential_loyalists
5247,17,105,650.2,1,3,3,13,at_Risk
5136,5,105,691.75,2,3,3,23,at_Risk
8298,2,105,917.5,4,3,4,43,potential_loyalists
426,4,105,487.7,3,3,2,33,need_attention
218,18,105,1100.3,1,3,4,13,at_Risk
8431,1,105,609.7,5,3,3,53,potential_loyalists
404,3,105,390.05,3,3,1,33,need_attention
8143,8,105,638.25,1,3,3,13,at_Risk
244,19,105,704.0,1,3,3,13,at_Risk
615,4,105,438.45,3,3,2,33,need_attention
5327,3,105,1739.55,3,3,5,33,need_attention
431,2,105,651.15,4,3,3,43,potential_loyalists
5074,2,105,566.4,4,3,2,43,potential_loyalists
5344,3,105,744.7,3,3,3,33,need_attention
5328,1,105,773.35,5,3,3,53,potential_loyalists
254,4,105,548.5,3,3,2,33,need_attention
223,4,105,887.0,3,3,4,33,need_attention
8474,7,104,520.4,2,3,2,23,at_Risk
5197,2,104,647.1,4,3,3,43,potential_loyalists
284,8,104,407.3,1,3,1,13,at_Risk
181,1,104,447.45,5,3,2,53,potential_loyalists
622,3,104,543.2,3,3,2,33,need_attention
5695,6,104,512.6,2,3,2,23,at_Risk
108,1,104,579.6,5,3,2,53,potential_loyalists
407,1,104,457.65,5,3,2,53,potential_loyalists
332,6,104,898.25,2,3,4,23,at_Risk
760,1,104,488.55,5,3,2,53,potential_loyalists
5382,1,104,508.8,5,3,2,53,potential_loyalists
662,2,104,596.65,4,3,2,43,potential_loyalists
8240,7,104,448.1,2,3,2,23,at_Risk
433,4,104,583.5,3,3,2,33,need_attention
742,7,104,550.9,2,3,2,23,at_Risk
5296,5,104,570.25,2,3,2,23,at_Risk
514,2,104,683.1,4,3,3,43,potential_loyalists
5426,8,104,723.1,1,3,3,13,at_Risk
383,3,104,501.1,3,3,2,33,need_attention
5528,2,103,665.95,4,2,3,42,potential_loyalists
5134,2,103,649.55,4,2,3,42,potential_loyalists
637,17,103,545.5,1,2,2,12,hibernating
364,5,103,644.8,2,2,3,22,hibernating
5922,5,103,551.55,2,2,2,22,hibernating
5488,2,103,530.05,4,2,2,42,potential_loyalists
8454,7,103,571.0,2,2,2,22,hibernating
800,1,103,821.4,5,2,4,52,potential_loyalists
8498,3,103,511.5,3,2,2,32,about_to_sleep
5177,18,103,560.9,1,2,2,12,hibernating
23,4,103,398.3,3,2,1,32,about_to_sleep
5068,2,103,1074.2,4,2,4,42,potential_loyalists
5701,1,103,558.65,5,2,2,52,potential_loyalists
5764,1,103,782.0,5,2,3,52,potential_loyalists
5904,1,103,615.75,5,2,3,52,potential_loyalists
324,5,103,610.2,2,2,3,22,hibernating
5484,2,102,470.1,4,2,2,42,potential_loyalists
5282,14,102,739.7,1,2,3,12,hibernating
5116,2,102,583.8,4,2,2,42,potential_loyalists
5432,1,102,697.1,5,2,3,52,potential_loyalists
5198,4,102,545.9,3,2,2,32,about_to_sleep
5699,14,102,940.4,1,2,4,12,hibernating
590,9,102,548.6,1,2,2,12,hibernating
711,5,102,788.9,2,2,3,22,hibernating
71,20,102,1243.85,1,2,5,12,hibernating
5783,1,102,725.25,5,2,3,52,potential_loyalists
394,5,102,1601.25,2,2,5,22,hibernating
496,9,102,589.55,1,2,2,12,hibernating
5734,1,102,995.6,5,2,4,52,potential_loyalists
5192,6,102,680.8,2,2,3,22,hibernating
72,2,102,423.0,4,2,1,42,potential_loyalists
738,7,102,680.25,2,2,3,22,hibernating
5887,5,102,782.4,2,2,3,22,hibernating
5554,1,102,630.5,5,2,3,52,potential_loyalists
5652,1,101,2017.1,5,2,5,52,potential_loyalists
5553,4,101,1289.1,3,2,5,32,about_to_sleep
5137,1,101,510.5,5,2,2,52,potential_loyalists
5493,5,101,557.75,2,2,2,22,hibernating
5911,2,101,543.3,4,2,2,42,potential_loyalists
5850,1,101,572.5,5,2,2,52,potential_loyalists
5311,2,101,613.6,4,2,3,42,potential_loyalists
5181,14,101,762.0,1,2,3,12,hibernating
260,13,101,583.3,1,2,2,12,hibernating
5787,1,101,621.2,5,2,3,52,potential_loyalists
5287,15,101,907.9,1,2,4,12,hibernating
5151,3,101,594.7,3,2,2,32,about_to_sleep
5745,1,101,824.5,5,2,4,52,potential_loyalists
271,6,101,657.9,2,2,3,22,hibernating
5780,1,101,458.2,5,2,2,52,potential_loyalists
387,1,101,666.0,5,2,3,52,potential_loyalists
5624,1,101,733.2,5,2,3,52,potential_loyalists
706,5,100,401.75,2,2,1,22,hibernating
5199,4,100,1156.5,3,2,5,32,about_to_sleep
5292,5,100,517.0,2,2,2,22,hibernating
371,25,100,468.5,1,2,2,12,hibernating
5052,1,100,469.9,5,2,2,52,potential_loyalists
791,18,100,512.95,1,2,2,12,hibernating
5655,3,100,672.6,3,2,3,32,about_to_sleep
8253,4,100,460.25,3,2,2,32,about_to_sleep
8277,3,100,567.2,3,2,2,32,about_to_sleep
5434,2,100,828.8,4,2,4,42,potential_loyalists
5329,10,100,642.4,1,2,3,12,hibernating
733,2,100,440.45,4,2,2,42,potential_loyalists
5683,5,100,421.9,2,2,1,22,hibernating
164,5,100,747.75,2,2,3,22,hibernating
5278,19,99,665.7,1,2,3,12,hibernating
639,6,99,450.5,2,2,2,22,hibernating
5021,4,99,463.0,2,2,2,22,hibernating
606,4,99,687.1,2,2,3,22,hibernating
377,2,99,536.2,4,2,2,42,potential_loyalists
5823,1,99,632.0,5,2,3,52,potential_loyalists
5516,1,99,1309.0,5,2,5,52,potential_loyalists
5524,1,99,446.75,5,2,2,52,potential_loyalists
5387,1,99,1189.0,5,2,5,52,potential_loyalists
239,13,99,547.7,1,2,2,12,hibernating
5546,2,99,553.9,4,2,2,42,potential_loyalists
5697,2,99,564.8,4,2,2,42,potential_loyalists
353,5,99,582.8,2,2,2,22,hibernating
5691,3,98,682.5,3,2,3,32,about_to_sleep
5386,2,98,473.4,4,2,2,42,potential_loyalists
672,3,98,359.8,3,2,1,32,about_to_sleep
5763,1,98,468.6,5,2,2,52,potential_loyalists
450,5,98,651.2,2,2,3,22,hibernating
8484,7,98,606.15,2,2,2,22,hibernating
265,10,98,1346.35,1,2,5,12,hibernating
5072,4,98,968.9,2,2,4,22,hibernating
5857,10,98,548.25,1,2,2,12,hibernating
509,5,98,496.9,2,2,2,22,hibernating
5314,12,98,1012.1,1,2,4,12,hibernating
5122,2,98,859.0,4,2,4,42,potential_loyalists
255,5,98,711.7,2,2,3,22,hibernating
5168,1,98,592.3,5,2,2,52,potential_loyalists
386,3,98,546.0,3,2,2,32,about_to_sleep
5459,7,98,481.05,2,2,2,22,hibernating
5585,6,98,849.05,2,2,4,22,hibernating
5722,8,98,589.2,1,2,2,12,hibernating
5767,2,98,782.0,4,2,3,42,potential_loyalists
74,3,98,585.0,3,2,2,32,about_to_sleep
475,11,98,594.3,1,2,2,12,hibernating
5794,1,97,753.0,5,2,3,52,potential_loyalists
5013,1,97,557.3,5,2,2,52,potential_loyalists
8207,2,97,476.1,4,2,2,42,potential_loyalists
5789,2,97,660.5,4,2,3,42,potential_loyalists
737,1,97,544.35,5,2,2,52,potential_loyalists
5475,2,97,570.25,4,2,2,42,potential_loyalists
5441,2,97,430.1,4,2,2,42,potential_loyalists
304,7,97,924.6,2,2,4,22,hibernating
204,2,97,663.75,4,2,3,42,potential_loyalists
160,5,97,559.5,2,2,2,22,hibernating
712,8,97,629.0,1,2,3,12,hibernating
5852,1,97,696.6,5,2,3,52,potential_loyalists
5271,10,97,675.25,1,2,3,12,hibernating
8127,5,97,544.1,2,2,2,22,hibernating
5894,5,97,587.4,2,2,2,22,hibernating
8051,1,97,510.7,5,2,2,52,potential_loyalists
5305,6,97,491.0,2,2,2,22,hibernating
5110,2,97,568.2,4,2,2,42,potential_loyalists
5865,2,97,590.7,4,2,2,42,potential_loyalists
771,2,97,438.0,4,2,2,42,potential_loyalists
5029,1,97,558.85,5,2,2,52,potential_loyalists
8153,1,97,400.45,5,2,1,52,potential_loyalists
5323,6,97,972.5,2,2,4,22,hibernating
8421,2,96,491.0,4,2,2,42,potential_loyalists
5333,2,96,515.15,4,2,2,42,potential_loyalists
647,2,96,442.2,4,2,2,42,potential_loyalists
5427,2,96,490.5,4,2,2,42,potential_loyalists
677,4,96,534.1,2,2,2,22,hibernating
5934,1,96,744.0,5,2,3,52,potential_loyalists
5167,1,96,440.95,5,2,2,52,potential_loyalists
775,9,96,502.1,1,2,2,12,hibernating
5886,4,96,981.3,2,2,4,22,hibernating
399,3,96,463.0,3,2,2,32,about_to_sleep
401,4,96,401.3,2,2,1,22,hibernating
5138,17,96,592.8,1,2,2,12,hibernating
501,1,96,477.3,5,2,2,52,potential_loyalists
220,1,96,454.25,5,2,2,52,potential_loyalists
5362,5,96,829.1,2,2,4,22,hibernating
8046,5,96,609.0,2,2,3,22,hibernating
5069,2,96,627.4,4,2,3,42,potential_loyalists
5557,2,96,495.0,4,2,2,42,potential_loyalists
5522,2,96,627.45,4,2,3,42,potential_loyalists
5531,17,95,511.0,1,2,2,12,hibernating
264,3,95,489.55,3,2,2,32,about_to_sleep
5226,1,95,410.1,5,2,1,52,potential_loyalists
595,5,95,665.25,2,2,3,22,hibernating
5049,3,95,1150.0,3,2,5,32,about_to_sleep
459,7,95,474.6,2,2,2,22,hibernating
5805,2,95,504.8,4,2,2,42,potential_loyalists
5288,1,95,542.54,5,2,2,52,potential_loyalists
243,2,95,376.2,4,2,1,42,potential_loyalists
5853,4,95,533.6,2,2,2,22,hibernating
793,8,95,531.65,1,2,2,12,hibernating
5634,12,95,692.0,1,2,3,12,hibernating
5657,2,95,479.0,4,2,2,42,potential_loyalists
91,19,95,635.4,1,2,3,12,hibernating
5114,14,95,1234.95,1,2,5,12,hibernating
159,10,95,709.0,1,2,3,12,hibernating
585,8,95,521.1,1,2,2,12,hibernating
5291,7,95,700.25,2,2,3,22,hibernating
5661,2,95,559.55,4,2,2,42,potential_loyalists
4,4,95,475.8,2,2,2,22,hibernating
747,9,95,519.0,1,2,2,12,hibernating
5735,1,95,934.25,5,2,4,52,potential_loyalists
467,4,94,534.15,2,2,2,22,hibernating
5227,3,94,897.8,3,2,4,32,about_to_sleep
238,3,94,419.4,3,2,1,32,about_to_sleep
312,6,94,346.3,2,2,1,22,hibernating
5044,1,94,705.25,5,2,3,52,potential_loyalists
5065,1,94,494.8,5,2,2,52,potential_loyalists
498,10,94,483.95,1,2,2,12,hibernating
487,7,94,643.5,2,2,3,22,hibernating
5048,7,94,796.0,2,2,3,22,hibernating
5334,2,94,642.8,4,2,3,42,potential_loyalists
257,7,94,437.2,2,2,2,22,hibernating
555,9,94,556.2,1,2,2,12,hibernating
5713,2,94,618.95,4,2,3,42,potential_loyalists
5102,9,94,521.0,1,2,2,12,hibernating
227,12,94,334.2,1,2,1,12,hibernating
5590,1,94,1048.7,5,2,4,52,potential_loyalists
5015,1,93,651.5,5,2,3,52,potential_loyalists
222,4,93,491.45,2,2,2,22,hibernating
5617,1,93,517.7,5,2,2,52,potential_loyalists
5001,1,93,544.1,5,2,2,52,potential_loyalists
5770,11,93,334.8,1,2,1,12,hibernating
5400,4,93,684.7,2,2,3,22,hibernating
5660,14,93,653.45,1,2,3,12,hibernating
716,8,93,460.25,1,2,2,12,hibernating
5061,17,93,371.1,1,2,1,12,hibernating
5360,1,93,377.0,5,2,1,52,potential_loyalists
5629,2,93,654.9,4,2,3,42,potential_loyalists
5088,14,93,577.3,1,2,2,12,hibernating
5580,9,93,615.5,1,2,3,12,hibernating
5902,1,92,527.6,5,2,2,52,potential_loyalists
235,1,92,339.4,5,2,1,52,potential_loyalists
121,3,92,491.2,3,2,2,32,about_to_sleep
8332,2,92,452.75,4,2,2,42,potential_loyalists
1,1,92,425.0,5,2,1,52,potential_loyalists
5310,1,92,737.7,5,2,3,52,potential_loyalists
8325,24,92,474.0,1,2,2,12,hibernating
5692,1,92,499.5,5,2,2,52,potential_loyalists
8299,10,92,482.5,1,2,2,12,hibernating
295,11,92,380.1,1,2,1,12,hibernating
124,6,92,573.45,2,2,2,22,hibernating
5401,11,92,497.4,1,2,2,12,hibernating
5872,1,92,602.55,5,2,2,52,potential_loyalists
5150,3,92,1288.0,3,2,5,32,about_to_sleep
259,8,91,460.9,1,2,2,12,hibernating
226,21,91,499.8,1,2,2,12,hibernating
5463,2,91,456.35,4,2,2,42,potential_loyalists
5406,17,91,446.4,1,2,2,12,hibernating
464,9,91,316.3,1,2,1,12,hibernating
532,6,91,630.3,2,2,3,22,hibernating
5609,6,91,817.2,2,2,3,22,hibernating
5455,6,91,1200.0,2,2,5,22,hibernating
5415,13,90,803.36,1,2,3,12,hibernating
5663,12,90,474.5,1,2,2,12,hibernating
480,10,90,535.25,1,2,2,12,hibernating
5727,2,90,567.5,4,2,2,42,potential_loyalists
5909,2,90,575.9,4,2,2,42,potential_loyalists
5185,7,90,493.5,2,2,2,22,hibernating
258,5,90,425.65,2,2,2,22,hibernating
8004,7,90,873.55,2,2,4,22,hibernating
268,21,90,432.25,1,2,2,12,hibernating
5390,1,90,538.5,5,2,2,52,potential_loyalists
5547,1,90,829.5,5,2,4,52,potential_loyalists
140,2,90,522.0,4,2,2,42,potential_loyalists
297,6,90,760.0,2,2,3,22,hibernating
8171,6,90,472.85,2,2,2,22,hibernating
5371,7,90,931.25,2,2,4,22,hibernating
203,6,90,676.2,2,2,3,22,hibernating
8433,12,90,728.25,1,2,3,12,hibernating
5003,1,90,625.25,5,2,3,52,potential_loyalists
5211,1,90,560.5,5,2,2,52,potential_loyalists
5878,1,89,634.85,5,2,3,52,potential_loyalists
5737,1,89,459.85,5,2,2,52,potential_loyalists
8194,2,89,412.8,4,2,1,42,potential_loyalists
5295,8,89,407.7,1,2,1,12,hibernating
605,20,89,680.38,1,2,3,12,hibernating
5689,1,89,549.2,5,2,2,52,potential_loyalists
231,5,89,410.3,2,2,1,22,hibernating
668,3,89,540.4,3,2,2,32,about_to_sleep
5016,18,89,485.7,1,2,2,12,hibernating
298,10,89,353.1,1,2,1,12,hibernating
5707,1,89,472.65,5,2,2,52,potential_loyalists
201,7,89,532.1,2,2,2,22,hibernating
8232,3,89,367.8,3,2,1,32,about_to_sleep
5605,1,89,446.0,5,2,2,52,potential_loyalists
5466,1,89,501.45,5,2,2,52,potential_loyalists
5339,13,89,1041.55,1,2,4,12,hibernating
5831,9,89,534.0,1,2,2,12,hibernating
376,1,89,552.5,5,2,2,52,potential_loyalists
8237,6,89,554.1,2,2,2,22,hibernating
797,3,89,540.0,3,2,2,32,about_to_sleep
5379,2,89,738.8,4,2,3,42,potential_loyalists
5240,1,88,786.4,5,2,3,52,potential_loyalists
5803,1,88,404.55,5,2,1,52,potential_loyalists
744,1,88,467.5,5,2,2,52,potential_loyalists
5473,11,88,592.0,1,2,2,12,hibernating
632,2,88,453.1,4,2,2,42,potential_loyalists
5443,6,88,606.0,2,2,2,22,hibernating
5500,1,88,425.5,5,2,1,52,potential_loyalists
715,1,88,414.6,5,2,1,52,potential_loyalists
5797,1,88,451.2,5,2,2,52,potential_loyalists
5107,3,88,455.4,3,2,2,32,about_to_sleep
5267,1,88,517.75,5,2,2,52,potential_loyalists
5165,1,88,471.75,5,2,2,52,potential_loyalists
5256,1,88,497.1,5,2,2,52,potential_loyalists
49,4,88,425.8,2,2,2,22,hibernating
8233,2,88,508.25,4,2,2,42,potential_loyalists
5681,2,88,1112.0,4,2,5,42,potential_loyalists
5791,1,88,706.6,5,2,3,52,potential_loyalists
89,5,88,578.5,2,2,2,22,hibernating
8204,4,87,524.6,2,2,2,22,hibernating
5822,2,87,637.4,4,2,3,42,potential_loyalists
667,2,87,461.5,4,2,2,42,potential_loyalists
530,6,87,543.0,2,2,2,22,hibernating
5595,1,87,512.55,5,2,2,52,potential_loyalists
5036,13,87,536.4,1,2,2,12,hibernating
5207,19,87,734.74,1,2,3,12,hibernating
5507,6,87,666.15,2,2,3,22,hibernating
5596,3,87,1253.8,3,2,5,32,about_to_sleep
5054,6,87,499.45,2,2,2,22,hibernating
110,4,87,530.4,2,2,2,22,hibernating
188,22,87,846.75,1,2,4,12,hibernating
680,1,87,528.1,5,2,2,52,potential_loyalists
5060,1,87,736.0,5,2,3,52,potential_loyalists
354,9,87,434.3,1,2,2,12,hibernating
5014,2,87,544.95,4,2,2,42,potential_loyalists
343,7,87,472.0,2,2,2,22,hibernating
5261,5,87,589.4,2,2,2,22,hibernating
5078,13,86,876.8,1,2,4,12,hibernating
5252,1,86,495.25,5,2,2,52,potential_loyalists
694,3,86,378.05,3,2,1,32,about_to_sleep
516,5,86,344.1,2,2,1,22,hibernating
5010,1,86,600.0,5,2,2,52,potential_loyalists
360,6,86,736.6,2,2,3,22,hibernating
316,18,86,360.5,1,2,1,12,hibernating
126,7,86,538.0,2,2,2,22,hibernating
96,4,86,467.8,2,2,2,22,hibernating
102,7,86,440.0,2,2,2,22,hibernating
56,1,86,475.8,5,2,2,52,potential_loyalists
351,4,86,502.0,2,2,2,22,hibernating
657,8,86,559.1,1,2,2,12,hibernating
29,1,86,668.0,5,2,3,52,potential_loyalists
5340,3,86,759.6,3,2,3,32,about_to_sleep
5882,1,86,456.1,5,2,2,52,potential_loyalists
8028,3,85,375.15,3,2,1,32,about_to_sleep
8473,13,85,393.75,1,2,1,12,hibernating
5079,2,85,540.4,4,2,2,42,potential_loyalists
5503,7,85,453.0,2,2,2,22,hibernating
5087,5,85,659.1,2,2,3,22,hibernating
5533,5,85,475.1,2,2,2,22,hibernating
5043,3,85,392.6,3,2,1,32,about_to_sleep
5130,2,85,1619.9,4,2,5,42,potential_loyalists
5351,1,85,659.5,5,2,3,52,potential_loyalists
5341,2,85,564.1,4,2,2,42,potential_loyalists
439,1,85,407.5,5,2,1,52,potential_loyalists
5396,14,85,406.25,1,2,1,12,hibernating
5242,1,85,461.9,5,2,2,52,potential_loyalists
293,10,85,654.5,1,2,3,12,hibernating
358,4,85,534.35,2,2,2,22,hibernating
32,4,85,454.7,2,2,2,22,hibernating
5302,1,85,495.9,5,2,2,52,potential_loyalists
486,3,85,496.0,3,2,2,32,about_to_sleep
506,8,85,512.0,1,2,2,12,hibernating
5511,17,85,511.28,1,2,2,12,hibernating
5059,1,85,438.0,5,2,2,52,potential_loyalists
148,9,85,359.6,1,2,1,12,hibernating
458,8,85,404.3,1,2,1,12,hibernating
5647,2,84,372.7,4,2,1,42,potential_loyalists
5601,2,84,376.8,4,2,1,42,potential_loyalists
8398,7,84,326.9,2,2,1,22,hibernating
5726,1,84,428.2,5,2,2,52,potential_loyalists
5926,2,84,787.5,4,2,3,42,potential_loyalists
521,3,84,377.2,3,2,1,32,about_to_sleep
5335,7,84,499.5,2,2,2,22,hibernating
5342,1,84,462.25,5,2,2,52,potential_loyalists
155,4,84,488.45,2,2,2,22,hibernating
5717,4,84,798.0,2,2,3,22,hibernating
8235,6,84,569.25,2,2,2,22,hibernating
5716,3,84,584.5,3,2,2,32,about_to_sleep
5293,2,84,510.5,4,2,2,42,potential_loyalists
5397,9,84,432.5,1,2,2,12,hibernating
658,2,84,501.4,4,2,2,42,potential_loyalists
5833,1,84,636.5,5,2,3,52,potential_loyalists
5442,2,84,627.0,4,2,3,42,potential_loyalists
453,12,84,363.35,1,2,1,12,hibernating
132,7,84,748.1,2,2,3,22,hibernating
345,13,84,529.6,1,2,2,12,hibernating
5184,17,83,481.3,1,2,2,12,hibernating
5191,2,83,594.0,4,2,2,42,potential_loyalists
787,4,83,405.0,2,2,1,22,hibernating
594,4,83,443.15,2,2,2,22,hibernating
5121,2,83,403.5,4,2,1,42,potential_loyalists
5519,1,83,438.5,5,2,2,52,potential_loyalists
299,8,83,378.0,1,2,1,12,hibernating
73,1,83,562.0,5,2,2,52,potential_loyalists
5357,6,83,351.4,2,2,1,22,hibernating
5243,17,83,473.0,1,2,2,12,hibernating
389,9,83,662.5,1,2,3,12,hibernating
5856,1,83,564.5,5,2,2,52,potential_loyalists
5486,4,83,892.25,2,2,4,22,hibernating
5373,2,82,436.4,4,2,2,42,potential_loyalists
5221,4,82,408.75,2,2,1,22,hibernating
152,3,82,491.0,3,2,2,32,about_to_sleep
5230,19,82,473.35,1,2,2,12,hibernating
277,8,82,310.6,1,2,1,12,hibernating
700,17,82,353.25,1,2,1,12,hibernating
5458,17,82,604.6,1,2,2,12,hibernating
310,4,82,489.5,2,2,2,22,hibernating
5058,2,82,897.5,4,2,4,42,potential_loyalists
5940,2,82,497.2,4,2,2,42,potential_loyalists
754,5,82,842.0,2,2,4,22,hibernating
5513,14,82,500.5,1,2,2,12,hibernating
5135,2,82,547.0,4,2,2,42,potential_loyalists
5380,4,82,808.7,2,2,3,22,hibernating
333,3,82,341.75,3,2,1,32,about_to_sleep
5186,1,82,449.0,5,2,2,52,potential_loyalists
5398,5,81,615.0,2,2,3,22,hibernating
5930,1,81,401.1,5,2,1,52,potential_loyalists
5567,1,81,390.1,5,2,1,52,potential_loyalists
5649,3,81,894.0,3,2,4,32,about_to_sleep
5319,2,81,455.25,4,2,2,42,potential_loyalists
578,9,81,303.9,1,2,1,12,hibernating
529,6,81,484.85,2,2,2,22,hibernating
5462,2,81,459.0,4,2,2,42,potential_loyalists
5907,22,80,473.0,1,2,2,12,hibernating
5103,1,80,373.5,5,2,1,52,potential_loyalists
644,4,80,508.7,2,2,2,22,hibernating
8416,17,80,512.5,1,2,2,12,hibernating
5028,1,80,664.15,5,2,3,52,potential_loyalists
275,2,80,404.25,3,2,1,32,about_to_sleep
517,1,80,411.5,5,2,1,52,potential_loyalists
5152,2,80,559.3,3,2,2,32,about_to_sleep
61,12,80,429.8,1,2,2,12,hibernating
8238,4,80,312.0,2,2,1,22,hibernating
5914,17,80,697.6,1,2,3,12,hibernating
5638,9,80,531.95,1,2,2,12,hibernating
5738,3,80,465.6,3,2,2,32,about_to_sleep
5572,9,80,733.8,1,2,3,12,hibernating
513,1,80,406.5,5,2,1,52,potential_loyalists
86,1,80,366.2,5,2,1,52,potential_loyalists
5113,1,80,345.9,5,2,1,52,potential_loyalists
786,9,80,605.0,1,2,2,12,hibernating
5237,7,79,869.4,2,2,4,22,hibernating
146,6,79,366.25,2,2,1,22,hibernating
5275,8,79,465.0,1,2,2,12,hibernating
309,2,79,366.5,3,2,1,32,about_to_sleep
5843,2,79,444.1,3,2,2,32,about_to_sleep
5870,1,79,496.8,5,2,2,52,potential_loyalists
421,3,79,393.1,3,2,1,32,about_to_sleep
234,3,79,554.0,3,2,2,32,about_to_sleep
5395,1,79,462.35,5,2,2,52,potential_loyalists
5477,13,78,449.6,1,2,2,12,hibernating
5231,1,78,372.75,5,2,1,52,potential_loyalists
19,6,78,474.2,2,2,2,22,hibernating
31,1,78,330.0,5,2,1,52,potential_loyalists
8391,3,78,458.7,3,2,2,32,about_to_sleep
5089,5,78,290.7,2,2,1,22,hibernating
5285,24,78,419.4,1,2,1,12,hibernating
5189,1,78,455.55,4,2,2,42,potential_loyalists
198,1,78,1534.1,4,2,5,42,potential_loyalists
5448,12,78,349.05,1,2,1,12,hibernating
5534,7,78,541.0,2,2,2,22,hibernating
5127,2,77,508.5,3,2,2,32,about_to_sleep
68,17,77,442.0,1,2,2,12,hibernating
5811,15,77,471.9,1,2,2,12,hibernating
367,9,77,333.75,1,2,1,12,hibernating
5007,4,77,410.6,2,2,1,22,hibernating
770,2,77,300.25,3,2,1,32,about_to_sleep
5633,2,77,357.0,3,2,1,32,about_to_sleep
5848,2,77,374.4,3,2,1,32,about_to_sleep
5128,18,77,552.6,1,2,2,12,hibernating
5809,2,77,459.5,3,2,2,32,about_to_sleep
5781,1,77,452.9,4,2,2,42,potential_loyalists
5053,1,77,436.4,4,2,2,42,potential_loyalists
5715,1,77,532.0,4,2,2,42,potential_loyalists
171,2,77,377.25,3,2,1,32,about_to_sleep
5449,1,77,517.8,4,2,2,42,potential_loyalists
5223,1,77,697.0,4,2,3,42,potential_loyalists
5330,1,77,407.7,4,2,1,42,potential_loyalists
5508,1,77,517.4,4,2,2,42,potential_loyalists
752,4,77,494.75,2,2,2,22,hibernating
5918,1,77,665.05,4,2,3,42,potential_loyalists
575,4,77,380.3,2,2,1,22,hibernating
5792,2,76,327.6,3,1,1,31,about_to_sleep
675,21,76,231.5,1,1,1,11,hibernating
5263,2,76,420.5,3,1,1,31,about_to_sleep
5216,1,76,580.5,4,1,2,41,promising
5161,2,76,414.35,3,1,1,31,about_to_sleep
142,1,76,374.5,4,1,1,41,promising
5367,6,76,491.35,2,1,2,21,hibernating
5690,4,76,468.5,2,1,2,21,hibernating
5356,1,76,447.0,4,1,2,41,promising
559,3,76,502.3,3,1,2,31,about_to_sleep
5587,1,76,406.9,4,1,1,41,promising
759,4,76,403.5,2,1,1,21,hibernating
5892,17,76,385.9,1,1,1,11,hibernating
5179,2,76,489.9,3,1,2,31,about_to_sleep
5828,2,76,343.0,3,1,1,31,about_to_sleep
611,3,76,426.9,3,1,2,31,about_to_sleep
5586,4,76,858.5,2,1,4,21,hibernating
489,8,76,408.4,1,1,1,11,hibernating
5537,2,76,459.6,3,1,2,31,about_to_sleep
5525,8,76,589.6,1,1,2,11,hibernating
5439,15,75,476.25,1,1,2,11,hibernating
177,2,75,323.0,3,1,1,31,about_to_sleep
788,6,75,420.0,2,1,1,21,hibernating
5370,8,75,452.8,1,1,2,11,hibernating
308,13,75,292.65,1,1,1,11,hibernating
185,8,75,300.1,1,1,1,11,hibernating
5125,12,75,1232.15,1,1,5,11,hibernating
5126,12,75,458.0,1,1,2,11,hibernating
5255,2,75,540.0,3,1,2,31,about_to_sleep
5073,1,74,577.15,4,1,2,41,promising
5694,5,74,308.9,2,1,1,21,hibernating
5890,12,74,520.15,1,1,2,11,hibernating
571,18,74,371.5,1,1,1,11,hibernating
8047,4,74,385.5,2,1,1,21,hibernating
518,17,74,524.3,1,1,2,11,hibernating
8402,11,74,513.1,1,1,2,11,hibernating
8308,1,74,293.5,4,1,1,41,promising
5409,1,74,314.25,4,1,1,41,promising
5300,10,74,442.7,1,1,2,11,hibernating
5505,2,74,561.9,3,1,2,31,about_to_sleep
5011,2,74,270.5,3,1,1,31,about_to_sleep
5889,12,74,336.5,1,1,1,11,hibernating
5793,2,74,767.8,3,1,3,31,about_to_sleep
357,4,74,588.0,2,1,2,21,hibernating
262,2,74,552.25,3,1,2,31,about_to_sleep
5421,2,73,388.4,3,1,1,31,about_to_sleep
5665,7,73,356.9,2,1,1,21,hibernating
417,6,73,274.75,2,1,1,21,hibernating
568,3,73,354.5,3,1,1,31,about_to_sleep
129,4,73,457.5,2,1,2,21,hibernating
8302,1,73,338.0,4,1,1,41,promising
620,8,73,327.75,1,1,1,11,hibernating
5004,17,73,457.9,1,1,2,11,hibernating
5470,11,73,471.75,1,1,2,11,hibernating
705,6,73,362.5,2,1,1,21,hibernating
5501,2,73,327.6,3,1,1,31,about_to_sleep
5736,12,73,532.2,1,1,2,11,hibernating
5680,2,73,329.5,3,1,1,31,about_to_sleep
5751,7,73,666.4,2,1,3,21,hibernating
562,5,73,386.5,2,1,1,21,hibernating
5266,2,73,469.95,3,1,2,31,about_to_sleep
5873,1,72,294.75,4,1,1,41,promising
626,3,72,375.5,3,1,1,31,about_to_sleep
5653,17,72,851.4,1,1,4,11,hibernating
147,9,72,393.9,1,1,1,11,hibernating
5101,18,72,493.0,1,1,2,11,hibernating
36,5,72,384.0,2,1,1,21,hibernating
454,22,72,390.75,1,1,1,11,hibernating
5766,2,72,426.9,3,1,2,31,about_to_sleep
5307,3,72,448.3,3,1,2,31,about_to_sleep
5363,1,72,379.9,4,1,1,41,promising
5714,1,72,252.6,4,1,1,41,promising
619,3,72,427.5,3,1,2,31,about_to_sleep
5779,2,72,372.9,3,1,1,31,about_to_sleep
287,12,72,299.6,1,1,1,11,hibernating
671,1,72,545.0,4,1,2,41,promising
5643,1,72,502.5,4,1,2,41,promising
5235,4,71,554.0,2,1,2,21,hibernating
5676,1,71,273.8,4,1,1,41,promising
5140,1,71,315.4,4,1,1,41,promising
5317,4,71,402.4,2,1,1,21,hibernating
369,2,71,328.15,3,1,1,31,about_to_sleep
85,7,71,479.85,2,1,2,21,hibernating
717,10,71,314.45,1,1,1,11,hibernating
5884,1,71,434.0,4,1,2,41,promising
245,2,71,205.5,3,1,1,31,about_to_sleep
5635,1,71,318.5,4,1,1,41,promising
5337,1,71,377.0,4,1,1,41,promising
5,1,71,276.0,4,1,1,41,promising
471,20,71,430.45,1,1,2,11,hibernating
5350,1,71,306.3,4,1,1,41,promising
8012,1,71,219.0,4,1,1,41,promising
5482,18,71,360.7,1,1,1,11,hibernating
5308,6,71,411.5,2,1,1,21,hibernating
45,3,71,1389.45,3,1,5,31,about_to_sleep
5602,6,70,382.0,2,1,1,21,hibernating
5539,3,70,487.05,3,1,2,31,about_to_sleep
5353,5,70,414.3,2,1,1,21,hibernating
436,3,70,425.25,3,1,1,31,about_to_sleep
5420,2,70,360.5,3,1,1,31,about_to_sleep
5718,6,70,576.0,2,1,2,21,hibernating
104,10,70,424.0,1,1,1,11,hibernating
363,2,70,411.3,3,1,1,31,about_to_sleep
5868,20,70,589.2,1,1,2,11,hibernating
150,11,70,262.25,1,1,1,11,hibernating
5565,18,70,364.0,1,1,1,11,hibernating
219,3,70,354.2,3,1,1,31,about_to_sleep
233,7,70,310.7,2,1,1,21,hibernating
5239,1,70,490.5,4,1,2,41,promising
740,1,69,476.55,4,1,2,41,promising
402,12,69,374.0,1,1,1,11,hibernating
505,7,69,375.6,2,1,1,21,hibernating
5377,1,69,348.05,4,1,1,41,promising
362,13,69,291.9,1,1,1,11,hibernating
5616,2,69,454.7,3,1,2,31,about_to_sleep
270,7,69,362.5,2,1,1,21,hibernating
334,9,69,300.0,1,1,1,11,hibernating
5170,1,69,474.9,4,1,2,41,promising
462,4,69,351.2,2,1,1,21,hibernating
372,1,69,332.1,4,1,1,41,promising
5454,1,69,448.4,4,1,2,41,promising
749,10,69,428.0,1,1,2,11,hibernating
5877,3,69,401.0,3,1,1,31,about_to_sleep
5543,2,68,408.6,3,1,1,31,about_to_sleep
5385,4,68,405.6,2,1,1,21,hibernating
5343,1,68,464.5,4,1,2,41,promising
5497,5,68,467.5,2,1,2,21,hibernating
474,24,68,271.3,1,1,1,11,hibernating
5358,6,68,232.0,2,1,1,21,hibernating
5927,2,68,590.5,3,1,2,31,about_to_sleep
5149,2,68,348.7,3,1,1,31,about_to_sleep
528,21,68,257.5,1,1,1,11,hibernating
452,2,68,328.4,3,1,1,31,about_to_sleep
5588,8,68,426.6,1,1,2,11,hibernating
5294,1,68,679.2,4,1,3,41,promising
5175,2,67,596.5,3,1,2,31,about_to_sleep
8095,6,67,261.05,2,1,1,21,hibernating
660,10,67,445.2,1,1,2,11,hibernating
5938,2,67,332.75,3,1,1,31,about_to_sleep
5891,2,66,385.4,3,1,1,31,about_to_sleep
5160,24,66,383.7,1,1,1,11,hibernating
5628,17,66,319.6,1,1,1,11,hibernating
5910,6,66,344.6,2,1,1,21,hibernating
522,6,66,239.75,2,1,1,21,hibernating
5105,1,66,306.25,4,1,1,41,promising
5313,21,66,468.5,1,1,2,11,hibernating
696,24,66,389.5,1,1,1,11,hibernating
5552,16,66,787.5,1,1,3,11,hibernating
5381,1,66,367.6,4,1,1,41,promising
5898,1,66,455.8,4,1,2,41,promising
13,8,66,359.4,1,1,1,11,hibernating
494,1,66,338.7,4,1,1,41,promising
5253,6,66,541.2,2,1,2,21,hibernating
5921,1,65,268.5,4,1,1,41,promising
8168,21,65,441.4,1,1,2,11,hibernating
8501,2,65,298.75,3,1,1,31,about_to_sleep
5863,12,65,474.25,1,1,2,11,hibernating
5325,25,65,440.0,1,1,2,11,hibernating
8116,3,65,298.75,3,1,1,31,about_to_sleep
5155,16,65,424.4,1,1,1,11,hibernating
5556,1,65,313.5,4,1,1,41,promising
413,20,65,610.6,1,1,3,11,hibernating
5254,2,65,267.25,3,1,1,31,about_to_sleep
5219,3,65,557.25,3,1,2,31,about_to_sleep
5753,1,65,194.05,4,1,1,41,promising
5816,2,65,244.0,3,1,1,31,about_to_sleep
5067,1,65,392.55,4,1,1,41,promising
5851,2,65,367.7,3,1,1,31,about_to_sleep
5450,1,65,244.5,4,1,1,41,promising
163,2,65,348.5,3,1,1,31,about_to_sleep
5364,1,65,465.9,4,1,2,41,promising
5063,1,64,324.85,4,1,1,41,promising
5234,11,64,329.4,1,1,1,11,hibernating
638,6,64,238.95,2,1,1,21,hibernating
5200,1,64,505.6,4,1,2,41,promising
5626,2,64,510.75,3,1,2,31,about_to_sleep
5675,4,64,377.95,2,1,1,21,hibernating
5582,15,64,953.6,1,1,4,11,hibernating
654,4,63,314.3,2,1,1,21,hibernating
5855,9,63,502.5,1,1,2,11,hibernating
5903,3,63,305.85,3,1,1,31,about_to_sleep
5939,3,63,349.9,3,1,1,31,about_to_sleep
5258,1,63,239.85,4,1,1,41,promising
5309,8,63,342.2,1,1,1,11,hibernating
5686,3,63,317.1,3,1,1,31,about_to_sleep
422,7,63,342.8,2,1,1,21,hibernating
5631,21,63,377.75,1,1,1,11,hibernating
5771,6,63,489.5,2,1,2,21,hibernating
618,1,63,255.3,4,1,1,41,promising
5810,6,63,358.5,2,1,1,21,hibernating
5248,12,63,335.22,1,1,1,11,hibernating
5526,2,63,282.75,3,1,1,31,about_to_sleep
755,1,63,331.8,4,1,1,41,promising
5802,10,63,553.1,1,1,2,11,hibernating
161,2,62,251.7,3,1,1,31,about_to_sleep
5212,1,62,246.8,4,1,1,41,promising
5618,1,62,294.55,4,1,1,41,promising
5888,1,62,251.0,4,1,1,41,promising
373,18,62,206.0,1,1,1,11,hibernating
5725,2,62,231.8,3,1,1,31,about_to_sleep
5604,1,62,371.0,4,1,1,41,promising
5276,1,62,413.0,4,1,1,41,promising
5800,1,62,338.95,4,1,1,41,promising
5104,9,62,453.1,1,1,2,11,hibernating
5772,4,62,862.0,2,1,4,21,hibernating
8354,5,62,332.5,2,1,1,21,hibernating
5913,1,62,350.9,4,1,1,41,promising
569,22,61,462.0,1,1,2,11,hibernating
524,7,61,292.8,2,1,1,21,hibernating
782,10,61,285.35,1,1,1,11,hibernating
470,4,61,297.5,2,1,1,21,hibernating
5476,1,61,272.8,4,1,1,41,promising
415,19,61,346.0,1,1,1,11,hibernating
5050,2,61,185.9,3,1,1,31,about_to_sleep
21,1,61,261.0,4,1,1,41,promising
296,5,61,258.5,2,1,1,21,hibernating
739,2,61,265.0,3,1,1,31,about_to_sleep
103,9,61,477.5,1,1,2,11,hibernating
5066,5,60,770.25,2,1,3,21,hibernating
5142,1,60,252.4,4,1,1,41,promising
27,3,60,185.2,3,1,1,31,about_to_sleep
375,10,60,289.75,1,1,1,11,hibernating
5260,16,60,246.5,1,1,1,11,hibernating
5666,7,60,303.5,2,1,1,21,hibernating
5774,21,60,185.7,1,1,1,11,hibernating
5893,25,60,425.6,1,1,2,11,hibernating
721,19,60,327.1,1,1,1,11,hibernating
5650,17,60,342.5,1,1,1,11,hibernating
780,3,60,401.4,3,1,1,31,about_to_sleep
5143,11,60,340.65,1,1,1,11,hibernating
5316,2,60,403.7,3,1,1,31,about_to_sleep
673,1,59,288.5,4,1,1,41,promising
543,14,59,386.0,1,1,1,11,hibernating
5599,18,59,327.9,1,1,1,11,hibernating
232,5,59,314.1,2,1,1,21,hibernating
5942,17,59,411.75,1,1,1,11,hibernating
451,1,59,368.9,4,1,1,41,promising
5839,20,59,557.8,1,1,2,11,hibernating
5708,8,59,302.2,1,1,1,11,hibernating
540,5,59,451.58,2,1,2,21,hibernating
5814,1,59,252.2,4,1,1,41,promising
97,2,58,412.4,3,1,1,31,about_to_sleep
484,3,58,396.4,3,1,1,31,about_to_sleep
5730,22,58,413.9,1,1,1,11,hibernating
5264,22,58,458.5,1,1,2,11,hibernating
5615,2,58,309.3,3,1,1,31,about_to_sleep
217,7,58,274.0,2,1,1,21,hibernating
635,6,58,225.0,2,1,1,21,hibernating
5312,8,58,241.0,1,1,1,11,hibernating
588,10,58,278.7,1,1,1,11,hibernating
5098,3,58,636.4,3,1,3,31,about_to_sleep
5194,2,58,224.5,3,1,1,31,about_to_sleep
5027,20,58,1274.5,1,1,5,11,hibernating
690,6,58,285.0,2,1,1,21,hibernating
5558,25,57,500.0,1,1,2,11,hibernating
5423,21,57,417.6,1,1,1,11,hibernating
5840,1,57,387.7,4,1,1,41,promising
5250,2,57,349.5,3,1,1,31,about_to_sleep
419,5,57,286.6,2,1,1,21,hibernating
5762,17,57,378.0,1,1,1,11,hibernating
5297,2,57,239.1,3,1,1,31,about_to_sleep
5374,1,57,339.0,4,1,1,41,promising
266,4,57,263.3,2,1,1,21,hibernating
5812,1,57,329.3,4,1,1,41,promising
5645,2,57,492.3,3,1,2,31,about_to_sleep
303,13,57,315.5,1,1,1,11,hibernating
139,1,57,356.7,4,1,1,41,promising
187,19,56,337.4,1,1,1,11,hibernating
5748,2,56,232.0,3,1,1,31,about_to_sleep
5478,4,56,229.45,2,1,1,21,hibernating
5460,2,56,450.85,3,1,2,31,about_to_sleep
137,26,56,364.0,1,1,1,11,hibernating
5943,1,56,323.4,4,1,1,41,promising
5560,2,56,281.7,3,1,1,31,about_to_sleep
366,8,56,277.0,1,1,1,11,hibernating
412,6,56,194.5,2,1,1,21,hibernating
78,3,56,270.0,3,1,1,31,about_to_sleep
5474,1,56,332.4,4,1,1,41,promising
5729,2,56,258.0,3,1,1,31,about_to_sleep
8000,5,56,314.0,2,1,1,21,hibernating
5280,2,56,423.0,3,1,1,31,about_to_sleep
5514,1,56,250.25,4,1,1,41,promising
228,4,56,307.5,2,1,1,21,hibernating
600,4,55,327.0,2,1,1,21,hibernating
5173,4,55,268.2,2,1,1,21,hibernating
8103,21,55,222.7,1,1,1,11,hibernating
290,6,55,285.0,2,1,1,21,hibernating
468,2,55,248.85,3,1,1,31,about_to_sleep
8038,17,55,343.5,1,1,1,11,hibernating
5428,1,55,210.9,4,1,1,41,promising
5517,19,55,357.0,1,1,1,11,hibernating
519,6,55,303.5,2,1,1,21,hibernating
5561,1,55,186.0,4,1,1,41,promising
492,6,55,301.3,2,1,1,21,hibernating
5047,2,54,246.4,3,1,1,31,about_to_sleep
5834,20,54,163.8,1,1,1,11,hibernating
5841,16,54,328.9,1,1,1,11,hibernating
442,3,54,303.75,3,1,1,31,about_to_sleep
583,22,54,355.6,1,1,1,11,hibernating
5156,3,54,247.5,3,1,1,31,about_to_sleep
5251,1,54,293.1,4,1,1,41,promising
5338,2,54,329.0,3,1,1,31,about_to_sleep
5445,24,53,436.5,1,1,2,11,hibernating
79,20,53,322.5,1,1,1,11,hibernating
457,18,53,261.95,1,1,1,11,hibernating
5080,12,53,542.15,1,1,2,11,hibernating
766,19,53,244.5,1,1,1,11,hibernating
5698,8,53,388.1,1,1,1,11,hibernating
5788,20,53,199.7,1,1,1,11,hibernating
8293,4,53,216.0,2,1,1,21,hibernating
783,4,52,317.7,2,1,1,21,hibernating
5051,1,52,215.25,4,1,1,41,promising
5022,2,52,184.5,3,1,1,31,about_to_sleep
5579,9,52,368.0,1,1,1,11,hibernating
5591,1,52,419.7,4,1,1,41,promising
5008,2,52,254.5,3,1,1,31,about_to_sleep
750,6,52,306.5,2,1,1,21,hibernating
5031,12,52,196.4,1,1,1,11,hibernating
5606,13,52,323.68,1,1,1,11,hibernating
5518,2,52,258.4,3,1,1,31,about_to_sleep
144,18,51,413.65,1,1,1,11,hibernating
5905,20,51,419.4,1,1,1,11,hibernating
593,4,51,290.7,2,1,1,21,hibernating
5183,14,51,505.0,1,1,2,11,hibernating
460,24,51,199.25,1,1,1,11,hibernating
5819,1,51,314.0,4,1,1,41,promising
5099,10,51,378.0,1,1,1,11,hibernating
5131,9,50,172.6,1,1,1,11,hibernating
604,1,50,147.9,4,1,1,41,promising
5773,1,50,323.0,4,1,1,41,promising
5733,18,50,202.45,1,1,1,11,hibernating
5723,1,50,332.4,4,1,1,41,promising
256,2,50,211.5,3,1,1,31,about_to_sleep
5444,8,50,391.2,1,1,1,11,hibernating
761,3,49,313.0,3,1,1,31,about_to_sleep
5411,3,49,407.65,3,1,1,31,about_to_sleep
5000,2,49,251.5,3,1,1,31,about_to_sleep
93,10,49,342.0,1,1,1,11,hibernating
5472,1,49,271.2,4,1,1,41,promising
5749,7,49,336.2,2,1,1,21,hibernating
8203,9,49,265.75,1,1,1,11,hibernating
5034,1,48,326.0,4,1,1,41,promising
488,17,48,145.0,1,1,1,11,hibernating
5555,19,48,245.0,1,1,1,11,hibernating
5148,11,48,255.0,1,1,1,11,hibernating
5214,8,48,359.0,1,1,1,11,hibernating
5336,12,48,258.0,1,1,1,11,hibernating
5742,2,48,340.0,3,1,1,31,about_to_sleep
5037,2,48,344.6,3,1,1,31,about_to_sleep
380,14,48,266.75,1,1,1,11,hibernating
5491,10,47,235.0,1,1,1,11,hibernating
5844,7,47,219.0,2,1,1,21,hibernating
499,8,47,237.7,1,1,1,11,hibernating
165,22,47,191.7,1,1,1,11,hibernating
5775,11,47,310.5,1,1,1,11,hibernating
5407,2,47,140.75,3,1,1,31,about_to_sleep
5172,3,47,339.2,3,1,1,31,about_to_sleep
443,1,47,244.3,4,1,1,41,promising
5682,1,47,280.6,4,1,1,41,promising
576,4,46,241.0,2,1,1,21,hibernating
5366,17,46,268.8,1,1,1,11,hibernating
5117,9,46,241.0,1,1,1,11,hibernating
5869,4,46,209.5,2,1,1,21,hibernating
5324,1,45,223.1,4,1,1,41,promising
5838,1,45,247.7,4,1,1,41,promising
106,1,45,268.15,4,1,1,41,promising
5945,1,45,247.6,4,1,1,41,promising
5759,4,45,352.8,2,1,1,21,hibernating
713,25,44,308.0,1,1,1,11,hibernating
5540,19,44,275.0,1,1,1,11,hibernating
455,2,44,247.0,3,1,1,31,about_to_sleep
5897,3,44,212.5,3,1,1,31,about_to_sleep
5706,19,44,243.4,1,1,1,11,hibernating
5640,2,44,141.2,3,1,1,31,about_to_sleep
5859,12,44,278.4,1,1,1,11,hibernating
792,10,43,129.0,1,1,1,11,hibernating
5648,2,43,354.0,3,1,1,31,about_to_sleep
478,9,43,275.0,1,1,1,11,hibernating
5018,17,43,186.5,1,1,1,11,hibernating
292,24,43,185.9,1,1,1,11,hibernating
5836,13,42,241.0,1,1,1,11,hibernating
5584,18,42,224.5,1,1,1,11,hibernating
5299,18,42,305.0,1,1,1,11,hibernating
261,12,42,282.5,1,1,1,11,hibernating
5679,8,42,380.0,1,1,1,11,hibernating
405,4,42,187.5,2,1,1,21,hibernating
5404,2,41,231.5,3,1,1,31,about_to_sleep
5639,19,41,181.0,1,1,1,11,hibernating
5215,15,41,223.5,1,1,1,11,hibernating
365,2,41,219.5,3,1,1,31,about_to_sleep
5153,19,41,225.0,1,1,1,11,hibernating
5693,23,40,520.0,1,1,2,11,hibernating
8084,12,40,141.1,1,1,1,11,hibernating
5849,1,40,220.0,4,1,1,41,promising
614,20,39,230.0,1,1,1,11,hibernating
5118,14,39,195.5,1,1,1,11,hibernating
123,24,39,196.2,1,1,1,11,hibernating
5541,2,39,271.95,3,1,1,31,about_to_sleep
5621,7,39,194.4,2,1,1,21,hibernating
8198,12,38,226.0,1,1,1,11,hibernating
741,5,38,166.0,2,1,1,21,hibernating
5495,4,38,543.2,2,1,2,21,hibernating
397,6,37,149.3,2,1,1,21,hibernating
225,3,37,129.5,3,1,1,31,about_to_sleep
5041,4,37,162.6,2,1,1,21,hibernating
5622,4,37,189.6,2,1,1,21,hibernating
5202,24,36,189.0,1,1,1,11,hibernating
5664,19,36,283.6,1,1,1,11,hibernating
5614,2,35,151.1,3,1,1,31,about_to_sleep
77,4,35,157.4,2,1,1,21,hibernating
5549,22,35,219.0,1,1,1,11,hibernating
5413,5,35,185.3,2,1,1,21,hibernating
5019,9,34,159.0,1,1,1,11,hibernating
5551,2,34,188.0,3,1,1,31,about_to_sleep
5875,1,34,358.0,4,1,1,41,promising
5593,21,33,162.9,1,1,1,11,hibernating
5457,25,33,138.3,1,1,1,11,hibernating
5436,3,33,149.0,3,1,1,31,about_to_sleep
153,25,33,192.5,1,1,1,11,hibernating
5936,5,33,129.3,2,1,1,21,hibernating
630,27,32,129.4,1,1,1,11,hibernating
5133,17,32,277.0,1,1,1,11,hibernating
207,10,32,210.0,1,1,1,11,hibernating
5394,13,32,196.5,1,1,1,11,hibernating
5523,12,32,121.6,1,1,1,11,hibernating
535,6,31,83.0,2,1,1,21,hibernating
582,5,31,99.75,2,1,1,21,hibernating
5755,3,31,322.0,3,1,1,31,about_to_sleep
5217,10,31,232.5,1,1,1,11,hibernating
5241,2,30,148.75,3,1,1,31,about_to_sleep
5206,18,30,265.0,1,1,1,11,hibernating
445,8,30,246.0,1,1,1,11,hibernating
5837,1,30,130.0,4,1,1,41,promising
385,2,30,95.5,3,1,1,31,about_to_sleep
682,4,27,144.9,2,1,1,21,hibernating
5521,7,27,120.6,2,1,1,21,hibernating
5574,29,24,204.0,1,1,1,11,hibernating
5188,19,24,126.0,1,1,1,11,hibernating
609,23,24,67.5,1,1,1,11,hibernating
5659,24,24,174.5,1,1,1,11,hibernating
5529,22,24,72.0,1,1,1,11,hibernating
5346,1,24,144.3,4,1,1,41,promising
5569,17,24,163.2,1,1,1,11,hibernating
5365,26,23,161.3,1,1,1,11,hibernating
5741,2,23,138.5,3,1,1,31,about_to_sleep
339,28,23,137.0,1,1,1,11,hibernating
5813,19,23,64.0,1,1,1,11,hibernating
623,23,22,86.0,1,1,1,11,hibernating
348,23,22,264.0,1,1,1,11,hibernating
349,28,21,119.0,1,1,1,11,hibernating
5369,26,21,115.0,1,1,1,11,hibernating
17,11,21,65.1,1,1,1,11,hibernating
5024,2,21,73.2,3,1,1,31,about_to_sleep
5710,26,19,119.0,1,1,1,11,hibernating
5801,7,16,95.2,2,1,1,21,hibernating
5784,21,12,72.0,1,1,1,11,hibernating
5589,13,12,72.0,1,1,1,11,hibernating
5147,25,12,36.0,1,1,1,11,hibernating
5076,29,11,82.5,1,1,1,11,hibernating
359,27,11,55.0,1,1,1,11,hibernating
5668,1,9,22.05,4,1,1,41,promising
427,26,7,28.0,1,1,1,11,hibernating
